model,window,dir,recession,rot,tx,g0,g1,g2,g3,g4,g5,g6,g7
nocritic,0,F,-8.1,-0.85,-54.2,0.1437,0.0653,-0.0993,0.0634,-0.0739,-0.072,0.0988,0.1032
nocritic,0,FR,8.61,2.56,-141.9,-0.0142,0.3182,0.0799,0.0964,-0.0193,-0.0425,-0.022,0.0551
nocritic,0,R,13.68,2.01,-125.4,-0.0304,0.3146,0.1115,0.0861,-0.0307,-0.0271,0.0065,0.0405
nocritic,0,BR,7.69,3.63,-112.0,0.0501,0.2725,0.0136,0.0831,-0.0534,-0.0856,-0.0805,0.0442
nocritic,0,B,-1.16,0.05,-1.4,-0.0113,-0.0083,0.0001,-0.0024,-0.008,-0.0008,-0.0021,0.0094
nocritic,0,BL,-2.36,-0.04,-8.6,0.0145,-0.0073,-0.008,0.0118,-0.0399,-0.0216,-0.0125,0.0066
nocritic,0,L,-0.08,-0.04,0.7,-0.0223,-0.0057,-0.0002,-0.0094,-0.001,0.003,0.0025,0.0013
nocritic,0,FL,-10.51,2.98,4.8,0.1234,-0.0739,-0.0118,0.0554,-0.1115,-0.107,0.002,0.0251
nocritic,1,F,-21.2,-0.86,-64.4,0.107,-0.0272,-0.0125,0.0641,0.0772,-0.0348,-0.0705,0.0971
nocritic,1,FR,-21.61,-0.55,-61.2,0.108,-0.0369,-0.0204,0.0621,0.0928,-0.0444,-0.0796,0.0821
nocritic,1,R,-9.56,0.86,-189.4,0.0071,0.2721,0.1026,0.1237,-0.0149,-0.0261,-0.0032,0.0526
nocritic,1,BR,-13.31,-0.71,-42.9,0.0514,-0.0079,-0.0128,0.0232,0.0502,-0.0058,-0.0495,0.0429
nocritic,1,B,-13.97,-0.84,-43.8,0.0513,-0.0182,-0.0049,0.0283,0.0549,-0.0229,-0.0436,0.0512
nocritic,1,BL,-13.14,-1.05,-41.2,0.0535,-0.0146,-0.0046,0.0195,0.0502,-0.0086,-0.0451,0.0589
nocritic,1,L,-12.96,-1.06,-40.2,0.0501,-0.0174,-0.0061,0.0211,0.0389,-0.0035,-0.049,0.067
nocritic,1,FL,-23.08,-1.85,-62.3,0.1476,-0.0676,-0.0121,0.0935,0.085,-0.0684,-0.0875,0.0879
nocritic,2,F,0.37,-0.05,11.0,-0.0227,-0.0074,0.0077,-0.0117,-0.0063,0.0108,0.0094,0.0096
nocritic,2,FR,0.44,0.1,10.9,-0.023,-0.0076,0.0074,-0.012,-0.01,0.0131,0.01,0.0069
nocritic,2,R,1.09,-0.23,3.3,-0.0233,0.0043,0.0097,-0.0113,-0.0082,0.0097,0.0087,0.0058
nocritic,2,BR,1.1,-0.19,3.6,-0.0239,0.0035,0.0139,-0.0114,-0.0103,0.0165,0.0099,0.0153
nocritic,2,B,0.89,0.07,12.8,-0.0231,-0.0074,0.0083,-0.012,-0.0076,0.0117,0.0089,0.0096
nocritic,2,BL,0.72,0.12,12.6,-0.0229,-0.0082,0.0078,-0.0116,-0.0064,0.0077,0.0087,0.0068
nocritic,2,L,0.69,0.2,13.6,-0.0232,-0.0079,0.0077,-0.0114,-0.0065,0.0088,0.0112,0.0069
nocritic,2,FL,0.49,-0.05,13.5,-0.0217,-0.0104,0.0093,-0.0083,-0.0066,0.0226,0.0128,0.0163
nocritic,3,F,-0.08,0.05,-0.2,-0.0221,-0.003,0.0059,-0.002,-0.0034,0.0047,-0.0064,0.0086
nocritic,3,FR,-9.1,1.69,-40.5,-0.0082,0.0348,-0.0138,0.0433,0.0371,-0.065,0.004,-0.0065
nocritic,3,R,-0.09,0.05,-0.3,-0.0224,-0.0031,0.0054,-0.0026,-0.0018,0.0031,-0.0057,0.0068
nocritic,3,BR,-114.03,-32.99,-576.6,-0.0134,0.2196,-0.0464,0.1702,0.109,-0.1279,0.1295,-0.0465
nocritic,3,B,-0.09,0.06,-0.2,-0.0222,-0.0029,0.0056,-0.0023,-0.0024,0.0035,-0.0062,0.0071
nocritic,3,BL,0.11,0.83,6.0,-0.0271,-0.0071,0.0012,0.0035,-0.0002,-0.0082,-0.0276,-0.0217
nocritic,3,L,-0.1,0.06,-0.2,-0.0224,-0.0026,0.0062,-0.003,-0.003,0.004,-0.0056,0.0076
nocritic,3,FL,-0.1,0.18,2.1,-0.0223,-0.0045,0.006,-0.0056,-0.0058,0.0051,-0.0027,0.0067
nocritic,4,F,-6.28,4.13,-22.6,0.0297,0.0017,-0.0574,0.0287,-0.0621,0.0618,0.0173,0.1136
nocritic,4,FR,-8.89,0.16,-50.7,0.0469,0.0132,-0.1221,0.0075,-0.0534,0.0299,0.0539,0.1064
nocritic,4,R,-2.61,-0.25,-12.5,-0.0227,-0.0202,-0.0082,0.0079,-0.0165,0.0441,0.0893,0.0377
nocritic,4,BR,-3.65,-0.06,-17.5,-0.02,-0.0186,-0.0237,0.0205,-0.0179,0.0362,0.0792,0.007
nocritic,4,B,-6.16,-0.25,-37.4,0.0558,0.0152,-0.0941,-0.0071,-0.0603,0.0459,0.0467,0.1273
nocritic,4,BL,-3.39,-0.07,-14.1,-0.0174,-0.0189,-0.0219,0.012,-0.0155,0.0284,0.0683,0.0078
nocritic,4,L,-3.54,-0.46,-15.7,-0.016,-0.0246,-0.0137,0.0086,-0.0249,0.0452,0.0922,0.0571
nocritic,4,FL,-13.57,-0.68,-61.6,0.0714,0.0012,-0.1978,-0.0057,-0.0389,0.0182,0.0814,0.1102
nocritic,5,F,-11.03,1.14,-43.7,0.0171,-0.0657,-0.0351,0.1678,0.1939,0.0825,-0.1445,0.1971
nocritic,5,FR,-10.99,1.38,-42.1,0.0089,-0.053,-0.0388,0.137,0.194,0.0554,-0.1079,0.1667
nocritic,5,R,-9.76,1.61,-36.1,0.0136,-0.0544,-0.036,0.1465,0.1853,0.0928,-0.1266,0.1655
nocritic,5,BR,-11.33,1.14,-51.6,0.0052,-0.0458,-0.0431,0.1465,0.177,0.0351,-0.0861,0.1087
nocritic,5,B,-10.1,1.52,-37.1,0.0116,-0.0519,-0.0288,0.1292,0.187,0.0693,-0.1089,0.1626
nocritic,5,BL,-9.78,0.55,-38.9,0.005,-0.0529,-0.0415,0.129,0.1987,0.0407,-0.0833,0.1469
nocritic,5,L,-10.27,1.39,-36.3,0.0188,-0.0639,-0.0419,0.1686,0.1897,0.1004,-0.1468,0.1905
nocritic,5,FL,-10.9,1.0,-43.6,0.018,-0.0629,-0.0305,0.1742,0.1887,0.0982,-0.1387,0.1944
nocritic,6,F,-7.28,0.01,-40.4,0.0033,-0.0097,-0.0015,0.0637,0.0214,0.0759,-0.0537,-0.0086
nocritic,6,FR,-7.04,0.32,-38.4,0.0096,-0.0285,-0.0041,0.1163,0.0056,0.0814,-0.0989,0.0109
nocritic,6,R,-3.79,0.23,-26.4,-0.0039,-0.0002,0.0083,0.0396,-0.0004,0.0583,-0.025,-0.0103
nocritic,6,BR,-7.6,-0.03,-34.5,0.0109,-0.0405,-0.0334,0.1129,0.0488,0.0528,-0.1067,-0.0071
nocritic,6,B,-6.34,0.16,-34.7,-0.001,-0.0084,0.0037,0.0487,0.0056,0.0645,-0.0416,0.0032
nocritic,6,BL,-7.07,-0.01,-33.9,0.0023,-0.0166,-0.0172,0.0698,0.0202,0.0456,-0.0524,-0.0452
nocritic,6,L,-4.9,0.12,-27.5,-0.0033,-0.0076,0.0063,0.0419,0.0038,0.0569,-0.0294,0.0029
nocritic,6,FL,-5.94,0.32,-23.9,0.0004,-0.019,-0.0118,0.0579,0.0206,0.0559,-0.0484,0.0021
nocritic,7,F,-7.25,2.89,-188.4,0.0425,0.3006,0.0653,0.0974,0.0318,-0.0322,-0.0146,0.0715
nocritic,7,FR,-12.6,4.36,-225.5,0.1963,0.2939,0.0284,0.0163,0.0398,-0.0468,-0.1953,0.0322
nocritic,7,R,-7.26,19.0,-502.6,0.0429,0.6602,0.3018,0.4044,0.165,-0.2252,-0.0911,-0.0221
nocritic,7,BR,-24.14,20.04,-493.1,0.2029,0.5564,0.3002,0.2733,0.2116,-0.2448,-0.3598,-0.2094
nocritic,7,B,-6.55,3.94,-178.1,0.0569,0.2999,0.0406,0.081,0.0287,-0.0941,-0.0986,-0.0128
nocritic,7,BL,-4.78,2.94,-198.6,-0.0033,0.2751,0.1222,0.1465,0.0479,-0.0295,-0.0003,-0.0329
nocritic,7,L,-2.61,1.33,-186.6,-0.008,0.2857,0.105,0.1266,0.0025,-0.0054,0.0182,0.0805
nocritic,7,FL,-13.47,-3.53,-37.2,0.1562,-0.0527,-0.0396,0.0203,0.0819,-0.0993,-0.1218,0.0105
nocritic,8,F,-9.84,-1.09,-23.8,0.2051,-0.0565,0.1115,-0.0305,0.0751,-0.0527,-0.1847,0.0652
nocritic,8,FR,-9.89,-1.05,-22.5,0.2304,-0.0568,0.1125,-0.0286,0.083,-0.0348,-0.196,0.0537
nocritic,8,R,-3.95,-0.61,-44.8,0.0478,0.0479,0.0734,-0.0322,0.0128,0.0056,-0.0755,0.0286
nocritic,8,BR,-9.96,-0.16,-40.2,0.1693,-0.0205,0.0422,0.0172,0.062,-0.0105,-0.1536,0.0627
nocritic,8,B,-7.8,0.02,-16.3,0.1202,-0.0386,0.0411,0.0107,0.0091,-0.0461,-0.0627,-0.0032
nocritic,8,BL,-7.76,-0.55,-3.6,0.1544,-0.068,0.0516,0.0093,0.0198,-0.049,-0.1227,0.0124
nocritic,8,L,-2.14,-0.05,3.7,0.0075,-0.0174,0.0143,-0.0317,0.009,0.025,-0.0158,0.0532
nocritic,8,FL,-6.91,-0.74,12.0,0.1602,-0.1025,0.0286,0.0048,0.0284,-0.0664,-0.1141,0.0015
nocritic,9,F,-8.08,1.23,-23.0,0.0305,0.0043,-0.0201,0.0076,-0.0275,0.0144,0.0144,0.0637
nocritic,9,FR,-10.14,1.66,-53.4,0.1111,0.0523,-0.1109,0.0707,-0.1013,-0.0101,-0.0003,0.0716
nocritic,9,R,2.5,-0.22,-31.1,-0.0349,0.0568,0.0178,-0.0065,0.0172,-0.0179,-0.0127,-0.0006
nocritic,9,BR,14.37,0.54,29.5,-0.1001,0.0465,0.07,-0.0993,0.0325,0.0022,-0.0392,-0.0785
nocritic,9,B,-4.97,1.27,-14.8,0.0069,0.0034,-0.0041,0.0123,-0.0251,0.0118,-0.0087,0.0431
nocritic,9,BL,9.83,-0.21,44.4,-0.0717,-0.0107,0.0461,-0.0607,0.0215,0.0138,-0.0184,-0.0348
nocritic,9,L,-8.26,1.72,-20.6,0.0201,-0.0009,-0.0185,0.0156,-0.0286,0.0154,-0.0063,0.0506
nocritic,9,FL,-9.68,1.31,-20.8,0.0466,-0.0207,-0.0187,0.0478,-0.0664,0.0031,0.009,0.0403
nocritic,10,F,-0.04,-0.01,-0.3,-0.0234,-0.0023,0.0035,-0.006,-0.0033,0.0025,-0.0002,-0.0007
nocritic,10,FR,-18.88,0.17,-114.1,0.0656,0.0457,0.0206,0.259,0.0272,-0.074,-0.0177,-0.0375
nocritic,10,R,-0.04,-0.01,-0.4,-0.0234,-0.0022,0.0036,-0.0063,-0.0029,0.0026,0.0003,-0.0009
nocritic,10,BR,-23.41,1.96,-158.0,0.1003,0.0932,0.0338,0.3669,0.0647,-0.1278,-0.054,-0.0588
nocritic,10,B,-0.05,0.01,-0.3,-0.0234,-0.0021,0.0038,-0.006,-0.0032,0.0029,0.0003,-0.0005
nocritic,10,BL,15.27,1.68,78.7,-0.0898,-0.011,0.0768,-0.1408,-0.0655,0.0832,-0.0099,0.0061
nocritic,10,L,-3.89,-1.37,-15.2,-0.0073,-0.0234,-0.0001,0.0066,-0.003,0.0148,-0.0008,0.0195
nocritic,10,FL,-6.82,-1.68,-12.4,0.008,-0.0618,-0.0199,0.0119,-0.0024,-0.0082,-0.0064,-0.0007
nocritic,11,F,-0.02,-0.0,0.4,-0.0233,-0.0016,0.0031,-0.0049,-0.002,0.0035,-0.0014,0.0019
nocritic,11,FR,-0.04,-0.06,0.0,-0.0232,-0.0017,0.0035,-0.005,-0.0019,0.0029,-0.0013,0.0013
nocritic,11,R,-0.02,-0.01,0.2,-0.0233,-0.0017,0.0033,-0.0049,-0.002,0.0027,-0.0022,-0.0004
nocritic,11,BR,-0.04,-0.0,0.3,-0.0234,-0.0019,0.0027,-0.0051,-0.0021,0.0032,-0.0014,0.0002
nocritic,11,B,-0.0,-0.03,0.4,-0.0234,-0.0014,0.003,-0.0049,-0.0022,0.0027,-0.0008,0.0008
nocritic,11,BL,-0.02,-0.03,0.4,-0.0234,-0.0016,0.0032,-0.0053,-0.002,0.0018,-0.0006,-0.0003
nocritic,11,L,-0.03,-0.06,0.4,-0.0234,-0.0016,0.0034,-0.0052,-0.002,0.0025,-0.0021,0.0003
nocritic,11,FL,0.04,-0.03,0.7,-0.0233,-0.0018,0.0031,-0.0051,-0.0026,0.0031,0.0,0.0011
nocritic,12,F,-45.18,-1.48,-139.6,0.1736,-0.0273,-0.2374,0.3337,0.1719,-0.0269,-0.3318,0.2871
nocritic,12,FR,-46.92,-2.62,-147.0,0.1216,-0.0516,-0.1492,0.4001,0.166,0.0664,-0.2843,0.1371
nocritic,12,R,-28.53,-4.44,-97.3,0.0726,0.0084,-0.2042,0.2291,0.182,0.0718,-0.0812,0.1555
nocritic,12,BR,-33.9,-4.86,-100.4,0.0553,-0.0354,-0.1604,0.2375,0.2385,-0.0472,-0.1093,0.0394
nocritic,12,B,-41.88,-2.79,-148.9,0.1486,-0.0402,-0.2325,0.4213,0.1016,0.0728,-0.3046,0.2113
nocritic,12,BL,-37.72,-5.93,-109.4,0.056,0.0187,-0.2737,0.1529,0.288,-0.0407,-0.0084,0.0542
nocritic,12,L,-27.55,-3.38,-87.7,0.083,-0.005,-0.2005,0.2174,0.1676,0.0487,-0.1471,0.1696
nocritic,12,FL,-45.7,-6.81,-134.8,0.0657,-0.0218,-0.2186,0.1847,0.3212,-0.0741,-0.0888,0.0894
nocritic,13,F,-3.54,-0.86,-20.3,0.0906,0.0033,0.0441,-0.0314,-0.0231,0.0122,0.0145,-0.0168
nocritic,13,FR,-2.49,-0.67,-24.8,0.0575,0.0142,0.0277,-0.0117,-0.033,0.0163,-0.0024,-0.014
nocritic,13,R,-0.97,1.59,-98.0,0.0204,0.187,-0.0148,0.017,-0.0104,-0.0048,-0.0279,0.073
nocritic,13,BR,0.1,-0.85,-9.2,0.0021,0.0078,0.0171,-0.008,-0.0193,0.0067,0.0035,0.007
nocritic,13,B,-2.86,-0.71,-15.1,0.0903,0.0055,0.0419,-0.0356,-0.0211,0.018,0.0172,-0.0226
nocritic,13,BL,-3.13,-0.58,-13.6,0.0993,0.0153,-0.0189,-0.065,-0.068,-0.0271,0.0137,0.0399
nocritic,13,L,-2.14,-0.57,-8.3,0.042,-0.0069,0.0294,-0.0333,-0.0176,0.0059,-0.0156,0.0039
nocritic,13,FL,-3.22,-0.67,0.6,0.1514,-0.0245,0.0333,-0.0578,-0.0631,0.0273,0.027,-0.072
nocritic,14,F,-19.65,-1.43,-67.6,0.0824,-0.0039,-0.1057,0.0933,-0.002,-0.1346,0.0825,-0.0026
nocritic,14,FR,-19.95,-1.56,-63.1,0.1035,-0.0026,-0.1692,0.1115,0.0008,-0.132,0.0564,-0.0683
nocritic,14,R,-23.24,-0.32,-68.8,0.0833,-0.0118,-0.1447,0.1211,0.0535,-0.1274,0.0562,-0.0051
nocritic,14,BR,13.29,-1.75,8.0,-0.0727,0.0543,0.1145,-0.0263,-0.0657,0.0643,-0.0623,-0.0274
nocritic,14,B,-23.4,-0.44,-74.1,0.0752,0.0017,-0.137,0.0958,0.0641,-0.1194,0.0487,-0.0207
nocritic,14,BL,-22.15,-1.39,-54.7,0.0948,-0.0342,-0.1582,0.1343,0.0344,-0.1056,0.0824,-0.0713
nocritic,14,L,-20.0,-0.3,-62.9,0.0536,-0.0002,-0.1237,0.0955,0.0365,-0.095,0.0347,-0.019
nocritic,14,FL,-20.93,-0.96,-63.3,0.1028,-0.0089,-0.1777,0.1265,0.0136,-0.1362,0.048,-0.1051
nocritic,15,F,-25.66,0.56,-113.6,0.0946,0.0585,0.0266,0.1638,0.0412,-0.1436,-0.0071,0.0941
nocritic,15,FR,-47.28,1.15,-231.5,0.2481,0.2155,-0.1459,0.2269,-0.0233,-0.2793,0.0116,0.2388
nocritic,15,R,-28.42,-2.38,-500.6,0.1186,0.5779,0.0028,0.459,0.1785,-0.3913,0.0106,0.1744
nocritic,15,BR,-36.81,-1.65,-209.2,0.181,0.1858,-0.0869,0.2752,0.0745,-0.1769,0.0567,0.2432
nocritic,15,B,-20.51,1.19,-96.8,0.0604,0.0601,0.0382,0.1129,0.0554,-0.0955,-0.033,0.0457
nocritic,15,BL,-11.73,-1.72,-92.3,0.0402,0.0837,-0.0041,0.1419,-0.0327,-0.1188,-0.0175,-0.0414
nocritic,15,L,-12.93,-0.73,-53.8,0.0372,0.0252,-0.0244,0.0705,0.0257,-0.0631,0.0201,0.037
nocritic,15,FL,-22.1,-0.01,-87.5,0.1864,0.028,-0.0404,0.1391,-0.1071,-0.0721,0.0885,0.0907
nocritic,16,F,-10.6,0.34,-29.2,0.0773,-0.0258,0.0229,0.0147,0.0512,-0.0449,0.0047,0.0092
nocritic,16,FR,-10.85,-0.06,-30.6,0.0797,-0.0306,0.0265,0.0188,0.0535,-0.0492,0.0189,0.0069
nocritic,16,R,-5.77,0.35,-23.1,0.033,0.0017,0.0273,0.0119,0.0105,-0.0041,-0.017,0.0227
nocritic,16,BR,-4.61,0.07,-9.3,0.0274,-0.0186,0.0155,0.0031,0.0186,-0.0156,-0.006,0.0084
nocritic,16,B,-8.08,0.24,-22.5,0.0443,-0.0163,0.0218,0.0197,0.0204,-0.0111,-0.0124,0.0268
nocritic,16,BL,-6.71,0.35,-13.4,0.038,-0.0288,0.0142,0.0101,0.0144,-0.0112,-0.0125,0.0196
nocritic,16,L,1.39,0.51,9.3,-0.0375,-0.0104,0.0131,-0.0047,-0.0174,0.0254,0.0074,0.016
nocritic,16,FL,-12.39,0.09,-14.6,0.1217,-0.062,0.043,-0.0552,0.1057,-0.0957,0.0426,0.0212
nocritic,17,F,-55.85,-1.65,-248.5,0.0212,0.1196,-0.1049,0.3833,0.3875,-0.3508,0.2007,0.1421
nocritic,17,FR,-39.74,0.28,-186.2,0.0085,0.0963,-0.0436,0.305,0.3034,-0.2656,0.168,0.0878
nocritic,17,R,-42.39,0.77,-195.4,0.0169,0.1088,-0.0953,0.2922,0.2752,-0.2669,0.1734,0.1287
nocritic,17,BR,-45.81,1.55,-226.5,0.0113,0.1469,-0.0309,0.3908,0.3143,-0.3314,0.1975,0.0613
nocritic,17,B,-23.98,-0.17,-119.9,0.0022,0.0588,-0.0356,0.1434,0.1448,-0.121,0.0856,0.0669
nocritic,17,BL,-24.17,-0.45,-86.7,-0.0008,0.009,-0.076,0.0853,0.1778,-0.1307,0.0211,-0.0077
nocritic,17,L,-41.92,-0.42,-159.8,0.0119,0.0441,-0.1018,0.204,0.3034,-0.2548,0.0859,0.0315
nocritic,17,FL,-41.57,-0.59,-152.3,0.0096,0.0376,-0.1208,0.2048,0.3108,-0.2747,0.0964,0.0306
nocritic,18,F,0.02,0.01,-0.0,-0.0234,-0.0002,0.0076,-0.0034,-0.0087,0.0078,0.0013,0.0023
nocritic,18,FR,0.02,0.0,-0.1,-0.0234,0.0,0.0076,-0.0024,-0.0084,0.0065,0.0007,0.0019
nocritic,18,R,-0.01,0.01,-0.1,-0.0235,-0.0002,0.0076,-0.0036,-0.0077,0.0065,0.0005,0.002
nocritic,18,BR,0.02,-0.0,-0.0,-0.0234,-0.0008,0.0067,-0.0044,-0.0071,0.0069,0.0015,0.0036
nocritic,18,B,-0.0,0.01,-0.1,-0.0233,-0.0002,0.0074,-0.0036,-0.0075,0.0063,0.0004,0.0012
nocritic,18,BL,-0.01,0.01,-0.2,-0.0235,0.0,0.0078,-0.0026,-0.0089,0.0069,0.0007,0.0012
nocritic,18,L,-0.02,0.01,-0.2,-0.0234,-0.0004,0.0072,-0.0031,-0.0075,0.0059,0.0003,0.0012
nocritic,18,FL,0.0,-0.02,-0.2,-0.0234,0.0,0.008,-0.0035,-0.0085,0.0075,0.0007,0.0027
nocritic,19,F,-5.13,-0.44,-25.7,0.0612,-0.0095,0.0208,0.0214,0.0149,0.0277,-0.054,0.0149
nocritic,19,FR,-5.18,-0.46,-26.7,0.0663,-0.0103,0.018,0.0359,-0.0025,0.0251,-0.0615,0.0071
nocritic,19,R,-0.97,0.0,-4.8,-0.0192,-0.0015,0.006,-0.0057,-0.0053,0.0032,-0.0005,0.0092
nocritic,19,BR,-1.66,0.8,-67.2,-0.0079,0.0932,0.0709,0.026,-0.0054,0.0084,-0.0522,0.0026
nocritic,19,B,-2.75,-0.05,-11.2,0.0011,-0.0059,0.0128,0.0026,0.0039,0.0065,-0.0271,0.0267
nocritic,19,BL,-4.6,-0.28,-13.6,0.0187,-0.015,0.0102,0.0034,0.0092,-0.0011,-0.036,0.026
nocritic,19,L,-2.76,-0.08,-4.6,-0.0012,-0.0151,0.0079,-0.003,0.0087,0.0041,-0.0174,0.0267
nocritic,19,FL,-4.35,-0.43,-15.8,0.0638,-0.0253,0.0217,0.0396,-0.0093,0.0289,-0.075,0.0238
nocritic,20,F,0.02,-0.02,0.0,-0.0235,-0.002,0.0042,-0.0059,-0.0047,0.0055,0.0007,0.0013
nocritic,20,FR,0.03,-0.01,-0.0,-0.0235,-0.0018,0.0046,-0.0051,-0.0047,0.0049,0.0002,0.0012
nocritic,20,R,0.03,-0.01,0.0,-0.0235,-0.002,0.0041,-0.0054,-0.0051,0.0045,0.0008,0.0002
nocritic,20,BR,0.03,0.01,0.2,-0.0236,-0.0027,0.0041,-0.0064,-0.0044,0.005,0.0009,0.0003
nocritic,20,B,0.03,-0.02,-0.0,-0.0236,-0.0023,0.0048,-0.0057,-0.005,0.0046,0.0008,0.0004
nocritic,20,BL,0.03,-0.01,0.1,-0.0235,-0.0023,0.0037,-0.0057,-0.0041,0.0037,0.0005,0.0001
nocritic,20,L,0.02,-0.01,0.1,-0.0235,-0.0022,0.0036,-0.0059,-0.0045,0.0043,0.0007,0.0
nocritic,20,FL,-0.0,-0.02,0.1,-0.0235,-0.0023,0.0042,-0.0054,-0.0042,0.0046,0.0017,-0.0001
nocritic,21,F,-0.34,0.25,-4.2,-0.0219,-0.0026,0.0072,-0.0037,-0.0008,0.0058,0.0051,0.0066
nocritic,21,FR,-0.1,0.02,-4.7,-0.0223,-0.0032,0.0064,-0.0036,-0.0014,0.0046,0.0031,0.0046
nocritic,21,R,-1.19,0.36,-5.8,-0.0222,-0.0037,0.0042,-0.0017,0.0005,-0.0002,0.0029,-0.0012
nocritic,21,BR,-1.34,0.53,-4.4,-0.0224,-0.0039,0.0036,0.0004,-0.0,-0.0032,0.0067,-0.0112
nocritic,21,B,-2.11,1.56,-2.3,-0.0221,-0.0027,0.0039,0.0008,0.0025,-0.0082,0.0027,-0.0102
nocritic,21,BL,1.28,0.96,15.0,-0.0224,-0.009,-0.0032,-0.0141,-0.0054,-0.0008,0.0005,-0.0196
nocritic,21,L,-0.64,0.09,-3.3,-0.022,-0.0033,0.0057,-0.0031,-0.0007,0.0049,0.0088,0.0073
nocritic,21,FL,-0.78,-0.12,-4.3,-0.0222,-0.0032,0.0042,-0.0029,-0.0017,0.0032,0.008,0.0026
nocritic,22,F,-2.73,-0.03,-9.7,-0.0022,-0.0025,-0.0132,-0.0116,-0.0121,0.0149,0.0044,0.0157
nocritic,22,FR,-6.75,-0.39,-24.9,0.0193,-0.0045,-0.0676,-0.0023,0.0077,0.0001,-0.014,0.0116
nocritic,22,R,-0.06,0.02,-0.2,-0.0233,-0.0022,0.0038,-0.0054,-0.0044,0.0019,0.0003,0.0003
nocritic,22,BR,18.34,1.1,80.0,-0.1059,0.0028,0.1662,-0.0849,-0.094,0.1179,-0.0342,0.0013
nocritic,22,B,-0.05,0.01,-0.1,-0.0233,-0.0019,0.0039,-0.005,-0.0039,0.0015,0.0001,-0.0005
nocritic,22,BL,-3.01,-0.07,-10.4,0.0038,-0.0036,-0.0235,-0.012,-0.0162,0.0101,0.0021,-0.0
nocritic,22,L,-0.03,0.01,-0.2,-0.0233,-0.0021,0.0043,-0.0055,-0.0041,0.0015,0.0002,0.0004
nocritic,22,FL,-5.48,-0.31,-16.6,0.0218,-0.0127,-0.0519,-0.0018,-0.009,-0.0027,-0.009,-0.0078
nocritic,23,F,-6.91,0.31,-56.6,0.1366,0.0563,0.0267,0.0304,-0.0394,0.0349,-0.0222,0.0039
nocritic,23,FR,-5.61,10.43,-354.1,0.2077,0.5655,0.1964,0.3212,0.1675,-0.0155,0.0254,-0.223
nocritic,23,R,-4.89,7.73,-390.8,-0.0034,0.5883,0.2531,0.3767,0.0478,0.0134,0.0063,-0.1157
nocritic,23,BR,-1.96,15.04,-425.6,0.041,0.6133,0.252,0.366,0.2114,-0.0445,-0.0372,-0.1574
nocritic,23,B,-7.81,-0.46,-41.7,0.151,0.0193,0.0257,0.0178,0.0092,0.0529,-0.0412,-0.0339
nocritic,23,BL,-9.33,-0.67,-44.4,0.1882,0.0102,0.0035,0.029,0.0407,0.0957,-0.0153,-0.0378
nocritic,23,L,-2.71,0.37,-8.5,0.0307,-0.0012,0.0046,0.0015,-0.0076,0.0248,-0.0048,0.0173
nocritic,23,FL,-7.76,-0.59,-41.9,0.1619,0.0078,0.0371,0.0365,0.0021,0.0644,-0.023,-0.0192
nocritic,24,F,0.01,0.0,-0.1,-0.0233,-0.0019,0.0037,-0.0049,-0.0042,0.0038,0.0007,0.0004
nocritic,24,FR,0.0,0.01,-0.1,-0.0234,-0.0021,0.0038,-0.0054,-0.0044,0.0043,0.0008,0.0001
nocritic,24,R,0.01,0.01,-0.1,-0.0234,-0.0018,0.0041,-0.0046,-0.004,0.0031,0.001,-0.0006
nocritic,24,BR,-6.75,3.27,-284.1,-0.0344,0.3871,0.1242,0.1527,0.0182,-0.0283,0.0533,0.1256
nocritic,24,B,0.0,0.0,-0.2,-0.0233,-0.002,0.0042,-0.005,-0.0044,0.0035,0.0012,0.0002
nocritic,24,BL,-0.0,0.0,-0.2,-0.0233,-0.0021,0.0035,-0.0051,-0.0037,0.0026,0.0007,-0.0008
nocritic,24,L,0.0,0.0,-0.1,-0.0234,-0.002,0.0042,-0.005,-0.0042,0.0038,0.0009,-0.0003
nocritic,24,FL,0.0,0.01,-0.1,-0.0233,-0.0021,0.0038,-0.0052,-0.0042,0.0034,0.0009,-0.0004
nocritic,25,F,0.07,0.09,0.7,-0.0223,-0.0046,0.0097,-0.0142,-0.0068,0.0201,0.0017,0.0123
nocritic,25,FR,-0.02,0.01,-0.3,-0.023,-0.0072,0.0069,-0.0123,-0.0012,0.0107,0.0003,0.0071
nocritic,25,R,-0.04,0.13,1.3,-0.0225,-0.0063,0.0085,-0.0098,-0.0028,0.0093,0.0045,0.0108
nocritic,25,BR,-0.06,0.01,-0.5,-0.0231,-0.0052,0.0103,-0.0114,-0.0083,0.0136,0.0015,-0.0008
nocritic,25,B,0.08,0.04,0.5,-0.0223,-0.0071,0.0059,-0.0178,-0.0034,0.0175,0.0052,0.0097
nocritic,25,BL,-0.06,0.12,1.3,-0.0227,-0.0092,0.0066,-0.0134,-0.0034,0.0131,0.0031,0.0086
nocritic,25,L,-0.05,0.02,0.4,-0.0226,-0.0072,0.0051,-0.0106,-0.0024,0.0089,0.0011,0.0094
nocritic,25,FL,0.03,0.03,1.4,-0.0222,-0.0089,0.005,-0.0156,-0.0014,0.0145,0.0048,0.0101
nocritic,26,F,-17.34,1.13,-127.3,0.2443,0.3552,-0.1713,0.2314,0.2463,-0.0847,0.1482,0.0085
nocritic,26,FR,-11.82,1.25,-93.7,0.1852,0.289,-0.1005,0.1145,0.189,-0.0375,-0.0176,-0.1084
nocritic,26,R,-16.37,1.58,-115.6,0.0491,0.1308,-0.0604,0.0618,-0.0433,-0.0513,0.0222,0.0057
nocritic,26,BR,-21.9,0.97,-145.6,0.2527,0.4073,-0.3651,0.1224,0.2124,0.0386,-0.0142,-0.083
nocritic,26,B,-11.0,0.68,-93.9,0.0548,0.1214,-0.0678,0.0508,-0.0455,-0.0398,0.0049,0.0153
nocritic,26,BL,-4.73,2.55,28.9,0.0293,-0.0466,-0.0313,0.019,-0.0414,-0.0255,-0.0116,0.0166
nocritic,26,L,-8.65,1.32,-80.3,0.0409,0.1183,-0.0375,0.0329,-0.021,-0.0209,-0.009,0.027
nocritic,26,FL,0.93,-0.62,-52.5,0.193,0.2969,0.0174,0.1413,0.0987,0.0217,0.0591,0.1214
nocritic,27,F,-4.61,2.11,-171.4,0.1165,0.2486,0.1166,0.1072,-0.0104,-0.0403,-0.0566,-0.0114
nocritic,27,FR,9.62,6.16,-261.4,-0.0025,0.4619,0.1439,0.2166,0.0119,-0.1208,-0.0035,0.0356
nocritic,27,R,-2.14,14.74,-519.0,-0.0044,0.7137,0.2946,0.4303,0.0142,-0.235,-0.0585,0.0531
nocritic,27,BR,14.48,7.87,-330.0,-0.1084,0.5502,0.2687,0.3018,-0.0302,-0.1298,0.0679,-0.0507
nocritic,27,B,-6.0,2.25,-55.4,0.2548,0.0878,0.0316,0.0134,-0.1202,-0.0463,-0.1801,-0.0382
nocritic,27,BL,-1.87,6.13,-63.8,0.2035,0.1416,0.0922,-0.007,-0.0729,-0.0348,-0.0143,0.0567
nocritic,27,L,8.47,2.6,-72.7,-0.0418,0.1742,0.1028,0.0599,-0.002,0.0069,0.0149,-0.0008
nocritic,27,FL,-9.21,1.89,-44.7,0.3006,0.0143,0.063,-0.0285,-0.1575,-0.14,0.0699,0.1089
nocritic,28,F,0.06,0.01,0.3,-0.0234,-0.0002,0.0074,-0.0033,-0.0071,0.0082,0.0015,0.0087
nocritic,28,FR,0.04,0.01,0.2,-0.0235,-0.0008,0.007,-0.0044,-0.0068,0.0092,0.0005,0.0071
nocritic,28,R,0.07,0.01,0.4,-0.0234,-0.0011,0.0063,-0.0045,-0.0059,0.0067,0.0015,0.0063
nocritic,28,BR,0.08,0.02,0.6,-0.0233,-0.0019,0.0043,-0.0046,-0.0034,0.0032,0.0013,0.0009
nocritic,28,B,0.04,0.01,0.3,-0.0235,-0.0006,0.0072,-0.0032,-0.0069,0.0078,0.0013,0.0075
nocritic,28,BL,0.07,0.02,0.5,-0.0234,-0.0013,0.0054,-0.0034,-0.0044,0.0024,0.0016,0.002
nocritic,28,L,0.07,0.01,0.5,-0.0234,-0.001,0.0059,-0.0039,-0.0056,0.0056,0.0007,0.0057
nocritic,28,FL,-0.02,-0.05,3.2,-0.023,-0.0079,0.0042,-0.0033,-0.0051,0.0009,0.0069,0.0008
nocritic,29,F,-8.63,0.93,-39.2,0.1219,0.0061,-0.0357,0.0016,-0.1512,-0.0332,0.0125,0.0817
nocritic,29,FR,-8.54,0.89,-40.1,0.1676,0.0111,-0.055,-0.0129,-0.2038,-0.0577,-0.0057,0.0691
nocritic,29,R,-1.48,-0.61,-96.0,-0.0168,0.1239,0.0285,0.0205,-0.0317,0.0209,-0.0017,0.0304
nocritic,29,BR,-9.1,1.49,-45.2,0.2647,0.0318,-0.0961,-0.0662,-0.305,-0.1137,0.0058,0.0438
nocritic,29,B,-1.64,0.14,-5.2,-0.0128,-0.0057,0.0005,-0.0024,-0.0127,-0.0009,0.0086,0.0173
nocritic,29,BL,-1.69,0.4,-9.5,-0.0154,0.0041,-0.0137,-0.0123,-0.0049,0.0087,0.0011,0.0141
nocritic,29,L,-0.12,0.03,8.2,-0.0198,-0.0192,0.0039,-0.016,-0.0116,0.0107,0.0001,0.0035
nocritic,29,FL,-9.28,0.93,-31.8,0.1262,-0.0015,-0.0692,-0.0211,-0.1485,-0.0412,0.0072,0.0753
nocritic,30,F,-22.6,-0.99,-120.6,0.2593,0.0661,-0.0182,0.0978,-0.09,-0.1119,-0.2343,0.1957
nocritic,30,FR,-21.86,0.59,-106.0,0.2055,0.039,-0.0703,0.0803,-0.0663,-0.1041,-0.2434,0.1
nocritic,30,R,-13.01,11.3,-498.9,0.0503,0.5765,0.208,0.3833,0.0899,-0.2745,-0.0528,0.0748
nocritic,30,BR,-16.99,-1.72,-128.1,0.1056,0.1033,-0.0598,0.0843,-0.0279,-0.1483,-0.1332,-0.0631
nocritic,30,B,-17.52,2.09,-83.0,0.137,0.0433,-0.0289,0.0603,-0.0263,-0.1239,-0.1254,0.1115
nocritic,30,BL,-18.39,0.39,-85.2,0.1648,0.0463,-0.1196,0.0894,-0.034,-0.1269,-0.1495,0.0892
nocritic,30,L,-8.79,-0.26,-53.4,0.0462,0.0371,-0.0295,0.0431,-0.0062,-0.0918,-0.0547,0.0344
nocritic,30,FL,-24.85,-0.32,-110.5,0.1789,0.0129,-0.0514,0.1247,0.0048,-0.1791,-0.0833,0.1212
nocritic,31,F,-10.31,1.47,-74.9,-0.0143,0.0135,0.0467,0.0584,0.0514,0.0069,0.0109,0.0626
nocritic,31,FR,-10.8,1.59,-59.8,-0.0163,0.0087,0.0296,0.0448,0.0667,-0.0041,0.0065,0.0442
nocritic,31,R,-8.29,0.97,-92.5,-0.0165,0.0354,0.0684,0.0915,0.0244,0.0156,0.0218,0.0255
nocritic,31,BR,-9.19,1.97,-80.1,-0.0188,0.0184,0.0474,0.0766,0.0275,-0.0262,0.0295,-0.0358
nocritic,31,B,-8.31,0.05,-24.5,-0.0136,-0.0228,0.0022,-0.0043,0.0722,0.012,0.0202,0.0283
nocritic,31,BL,-10.21,0.96,-34.5,-0.0135,-0.0127,-0.0043,0.0126,0.0786,0.0056,0.0011,0.0072
nocritic,31,L,-9.64,0.13,-27.6,-0.0111,-0.0246,-0.0048,0.0033,0.0905,0.0158,0.0259,0.0319
nocritic,31,FL,-9.25,0.68,-22.2,-0.0146,-0.0133,-0.0082,0.0109,0.0799,0.0071,0.0182,0.026
