scene,model,base_blur,end_blur,d_blur,x_blur,B
r00_B,ours_nocritic,998.0,937.0,-61.0,-41.6,41.6
r00_BL,ours_nocritic,983.8,920.5,-63.3,7.0,-7.0
r00_BR,ours_nocritic,966.8,844.0,-122.7,59.3,-59.3
r00_F,ours_nocritic,988.4,751.3,-237.1,-228.6,228.6
r00_FL,ours_nocritic,970.6,679.1,-291.6,-309.90000000000003,309.90000000000003
r00_FR,ours_nocritic,973.2,764.1,-209.1,-17.549999999999983,17.549999999999983
r00_L,ours_nocritic,1006.9,1226.3,219.3,235.8,-235.8
r00_R,ours_nocritic,955.3,664.0,-291.3,-133.65,133.65
r01_B,ours_nocritic,728.3,841.8,113.5,5.849999999999994,-5.849999999999994
r01_BL,ours_nocritic,703.4,834.4,130.9,22.200000000000003,-22.200000000000003
r01_BR,ours_nocritic,700.0,908.3,208.3,137.75,-137.75
r01_F,ours_nocritic,665.1,851.1,186.0,32.599999999999994,-32.599999999999994
r01_FL,ours_nocritic,637.2,810.7,173.4,106.35,-106.35
r01_FR,ours_nocritic,683.5,934.6,251.2,282.3,-282.3
r01_L,ours_nocritic,742.8,874.2,131.5,90.35,-90.35
r01_R,ours_nocritic,721.4,711.8,-9.7,-65.35,65.35
r02_B,ours_nocritic,323.4,336.9,13.6,-0.2999999999999989,0.2999999999999989
r02_BL,ours_nocritic,299.5,325.3,25.8,-67.00000000000001,67.00000000000001
r02_BR,ours_nocritic,301.7,321.8,20.1,15.4,-15.4
r02_F,ours_nocritic,319.7,331.7,12.0,-62.400000000000006,62.400000000000006
r02_FL,ours_nocritic,279.3,252.8,-26.5,-87.0,87.0
r02_FR,ours_nocritic,308.0,326.6,18.7,-25.250000000000004,25.250000000000004
r02_L,ours_nocritic,322.9,349.0,26.1,-58.99999999999999,58.99999999999999
r02_R,ours_nocritic,333.5,341.7,8.2,-2.4499999999999997,2.4499999999999997
r03_B,ours_nocritic,1985.5,2012.3,26.8,334.05,-334.05
r03_BL,ours_nocritic,1945.5,1546.9,-398.6,69.25,-69.25
r03_BR,ours_nocritic,1931.2,1799.2,-132.1,184.50000000000003,-184.50000000000003
r03_F,ours_nocritic,1975.7,2042.3,66.6,53.2,-53.2
r03_FL,ours_nocritic,1954.1,1643.7,-310.4,73.85000000000002,-73.85000000000002
r03_FR,ours_nocritic,1989.3,1873.0,-116.3,147.55,-147.55
r03_L,ours_nocritic,2004.2,2080.5,76.3,225.75,-225.75
r03_R,ours_nocritic,1985.2,2044.0,58.9,420.5,-420.5
r04_B,ours_nocritic,799.9,731.8,-68.1,-188.75,188.75
r04_BL,ours_nocritic,776.9,1076.4,299.6,306.65000000000003,-306.65000000000003
r04_BR,ours_nocritic,811.9,1155.5,343.6,319.8,-319.8
r04_F,ours_nocritic,776.1,813.2,37.1,5.800000000000001,-5.800000000000001
r04_FL,ours_nocritic,725.0,765.3,40.4,124.7,-124.7
r04_FR,ours_nocritic,783.7,938.2,154.5,148.15,-148.15
r04_L,ours_nocritic,823.4,1070.8,247.3,272.2,-272.2
r04_R,ours_nocritic,834.6,1103.4,268.8,235.25,-235.25
r05_B,ours_nocritic,218.0,191.1,-26.9,-10.45,10.45
r05_BL,ours_nocritic,213.2,171.0,-42.2,-66.80000000000001,66.80000000000001
r05_BR,ours_nocritic,214.6,197.1,-17.6,-60.15,60.15
r05_F,ours_nocritic,217.2,195.7,-21.5,-43.8,43.8
r05_FL,ours_nocritic,210.9,171.6,-39.3,-35.349999999999994,35.349999999999994
r05_FR,ours_nocritic,217.3,205.2,-12.1,1.200000000000001,-1.200000000000001
r05_L,ours_nocritic,218.5,191.6,-26.8,-41.6,41.6
r05_R,ours_nocritic,216.6,189.6,-27.0,-22.15,22.15
r06_B,ours_nocritic,837.9,657.6,-180.3,-180.45,180.45
r06_BL,ours_nocritic,815.4,569.6,-245.8,-151.9,151.9
r06_BR,ours_nocritic,812.8,508.5,-304.3,-360.35,360.35
r06_F,ours_nocritic,834.0,634.2,-199.8,-260.90000000000003,260.90000000000003
r06_FL,ours_nocritic,824.5,623.5,-200.9,118.6,-118.6
r06_FR,ours_nocritic,845.8,652.6,-193.2,-296.15,296.15
r06_L,ours_nocritic,833.1,662.1,-170.9,6.25,-6.25
r06_R,ours_nocritic,836.4,671.2,-165.2,-229.4,229.4
r07_B,ours_nocritic,1875.4,1289.0,-586.4,-251.0,251.0
r07_BL,ours_nocritic,1871.5,1668.4,-203.1,22.200000000000017,-22.200000000000017
r07_BR,ours_nocritic,1865.8,917.9,-948.0,-698.5,698.5
r07_F,ours_nocritic,1854.1,1592.4,-261.8,-238.6,238.6
r07_FL,ours_nocritic,1832.8,1624.9,-207.9,-143.5,143.5
r07_FR,ours_nocritic,1914.6,1482.0,-432.5,-361.25,361.25
r07_L,ours_nocritic,1924.8,1643.3,-281.5,-24.30000000000001,24.30000000000001
r07_R,ours_nocritic,1865.0,836.5,-1028.5,-965.65,965.65
r08_B,ours_nocritic,819.8,777.1,-42.7,-36.6,36.6
r08_BL,ours_nocritic,783.5,744.2,-39.3,-6.599999999999994,6.599999999999994
r08_BR,ours_nocritic,727.0,804.1,77.0,92.0,-92.0
r08_F,ours_nocritic,813.2,775.9,-37.3,-4.149999999999999,4.149999999999999
r08_FL,ours_nocritic,747.3,752.7,5.5,52.2,-52.2
r08_FR,ours_nocritic,774.0,862.5,88.5,106.55,-106.55
r08_L,ours_nocritic,822.6,800.0,-22.6,-35.55,35.55
r08_R,ours_nocritic,819.0,707.9,-111.1,-166.1,166.1
r09_B,ours_nocritic,1576.5,1837.2,260.7,417.1,-417.1
r09_BL,ours_nocritic,1569.2,1674.9,105.7,281.95,-281.95
r09_BR,ours_nocritic,1562.4,1622.4,60.0,341.20000000000005,-341.20000000000005
r09_F,ours_nocritic,1551.4,1737.2,185.9,239.75,-239.75
r09_FL,ours_nocritic,1542.1,1752.7,210.6,59.70000000000002,-59.70000000000002
r09_FR,ours_nocritic,1601.7,1628.8,27.1,158.5,-158.5
r09_L,ours_nocritic,1647.6,1891.6,244.0,85.60000000000002,-85.60000000000002
r09_R,ours_nocritic,1661.8,1834.2,172.4,107.35,-107.35
r10_B,ours_nocritic,1542.7,1723.4,180.7,475.65,-475.65
r10_BL,ours_nocritic,1390.3,1147.1,-243.2,119.0,-119.0
r10_BR,ours_nocritic,1387.5,1048.5,-339.0,-175.3,175.3
r10_F,ours_nocritic,1532.5,1712.9,180.4,155.65,-155.65
r10_FL,ours_nocritic,1294.9,988.3,-306.7,-7.849999999999966,7.849999999999966
r10_FR,ours_nocritic,1385.7,1235.8,-149.9,232.4,-232.4
r10_L,ours_nocritic,1415.3,1281.3,-134.0,187.4,-187.4
r10_R,ours_nocritic,1541.3,1739.3,198.0,350.25,-350.25
r11_B,ours_nocritic,50.2,60.3,10.1,-17.65,17.65
r11_BL,ours_nocritic,48.2,53.6,5.5,-58.900000000000006,58.900000000000006
r11_BR,ours_nocritic,48.7,54.1,5.4,-35.65,35.65
r11_F,ours_nocritic,49.5,59.7,10.2,-5.100000000000001,5.100000000000001
r11_FL,ours_nocritic,48.1,54.0,5.9,-152.2,152.2
r11_FR,ours_nocritic,48.7,57.5,8.7,-6.35,6.35
r11_L,ours_nocritic,49.6,59.1,9.4,-94.35,94.35
r11_R,ours_nocritic,50.2,59.3,9.1,-25.25,25.25
r12_B,ours_nocritic,475.8,332.8,-143.0,-126.25,126.25
r12_BL,ours_nocritic,464.7,369.3,-95.3,-71.15,71.15
r12_BR,ours_nocritic,452.4,358.8,-93.6,-50.75,50.75
r12_F,ours_nocritic,462.8,275.6,-187.2,-74.79999999999998,74.79999999999998
r12_FL,ours_nocritic,456.1,299.6,-156.5,-94.65,94.65
r12_FR,ours_nocritic,475.3,336.6,-138.7,-10.349999999999994,10.349999999999994
r12_L,ours_nocritic,479.0,396.8,-82.2,-136.85000000000002,136.85000000000002
r12_R,ours_nocritic,481.3,401.9,-79.5,-43.6,43.6
r13_B,ours_nocritic,1325.6,842.2,-483.4,-163.45,163.45
r13_BL,ours_nocritic,1286.0,795.2,-490.8,-247.55,247.55
r13_BR,ours_nocritic,1282.8,1233.7,-49.1,240.75000000000003,-240.75000000000003
r13_F,ours_nocritic,1304.4,902.9,-401.6,-249.7,249.7
r13_FL,ours_nocritic,1275.7,829.0,-446.7,-331.79999999999995,331.79999999999995
r13_FR,ours_nocritic,1321.0,1127.4,-193.6,70.04999999999998,-70.04999999999998
r13_L,ours_nocritic,1335.6,927.3,-408.3,-359.65,359.65
r13_R,ours_nocritic,1320.2,706.3,-613.8,-408.85,408.85
r14_B,ours_nocritic,1126.6,1246.4,119.8,152.95,-152.95
r14_BL,ours_nocritic,1102.0,1201.0,99.0,216.65,-216.65
r14_BR,ours_nocritic,1103.8,1043.9,-59.9,-7.800000000000004,7.800000000000004
r14_F,ours_nocritic,1121.5,1339.0,217.5,239.6,-239.6
r14_FL,ours_nocritic,1101.5,1265.8,164.4,358.4,-358.4
r14_FR,ours_nocritic,1144.5,1515.6,371.1,705.3000000000001,-705.3000000000001
r14_L,ours_nocritic,1139.1,1311.7,172.6,277.1,-277.1
r14_R,ours_nocritic,1132.5,1298.9,166.4,224.7,-224.7
r15_B,ours_nocritic,1797.5,1855.7,58.2,207.6,-207.6
r15_BL,ours_nocritic,1812.0,2080.9,268.9,765.9,-765.9
r15_BR,ours_nocritic,1817.2,1830.0,12.9,45.25,-45.25
r15_F,ours_nocritic,1746.1,1840.9,94.7,113.55,-113.55
r15_FL,ours_nocritic,1793.0,1657.4,-135.6,91.55,-91.55
r15_FR,ours_nocritic,1821.9,1913.7,91.8,596.65,-596.65
r15_L,ours_nocritic,1879.3,1999.1,119.8,345.25,-345.25
r15_R,ours_nocritic,1827.4,1810.1,-17.2,247.40000000000003,-247.40000000000003
r16_B,ours_nocritic,671.6,775.3,103.8,-8.0,8.0
r16_BL,ours_nocritic,665.1,800.1,135.1,105.8,-105.8
r16_BR,ours_nocritic,664.8,863.6,198.9,141.4,-141.4
r16_F,ours_nocritic,662.0,753.2,91.2,-1.0499999999999972,1.0499999999999972
r16_FL,ours_nocritic,672.1,737.0,64.8,40.15,-40.15
r16_FR,ours_nocritic,687.9,857.4,169.5,225.4,-225.4
r16_L,ours_nocritic,678.5,839.8,161.3,81.65,-81.65
r16_R,ours_nocritic,672.7,855.4,182.6,125.7,-125.7
r17_B,ours_nocritic,958.5,1137.6,179.1,107.95,-107.95
r17_BL,ours_nocritic,959.2,1099.4,140.1,241.4,-241.4
r17_BR,ours_nocritic,964.1,1102.9,138.8,235.25,-235.25
r17_F,ours_nocritic,947.4,1124.3,176.9,99.75,-99.75
r17_FL,ours_nocritic,958.6,1054.0,95.5,186.15,-186.15
r17_FR,ours_nocritic,977.1,1241.7,264.7,356.75,-356.75
r17_L,ours_nocritic,961.8,1066.6,104.9,174.0,-174.0
r17_R,ours_nocritic,960.8,1126.0,165.2,329.6,-329.6
r18_B,ours_nocritic,296.2,336.9,40.7,23.1,-23.1
r18_BL,ours_nocritic,286.4,315.1,28.7,-36.35000000000001,36.35000000000001
r18_BR,ours_nocritic,289.6,328.6,39.0,22.05,-22.05
r18_F,ours_nocritic,293.4,337.4,44.1,30.1,-30.1
r18_FL,ours_nocritic,287.9,305.9,18.0,-2.6000000000000014,2.6000000000000014
r18_FR,ours_nocritic,292.9,332.1,39.3,42.1,-42.1
r18_L,ours_nocritic,294.3,334.3,39.9,-33.40000000000001,33.40000000000001
r18_R,ours_nocritic,292.4,329.7,37.3,49.7,-49.7
r19_B,ours_nocritic,328.5,412.7,84.2,44.35,-44.35
r19_BL,ours_nocritic,322.5,386.6,64.1,59.64999999999999,-59.64999999999999
r19_BR,ours_nocritic,325.4,324.4,-0.9,-19.8,19.8
r19_F,ours_nocritic,329.3,347.6,18.3,-39.650000000000006,39.650000000000006
r19_FL,ours_nocritic,307.2,297.9,-9.2,-36.0,36.0
r19_FR,ours_nocritic,331.6,357.4,25.8,16.2,-16.2
r19_L,ours_nocritic,326.9,427.2,100.3,25.75,-25.75
r19_R,ours_nocritic,361.5,534.1,172.6,186.45,-186.45
r20_B,ours_nocritic,2110.3,2514.8,404.4,894.9,-894.9
r20_BL,ours_nocritic,2083.2,2414.5,331.2,839.15,-839.15
r20_BR,ours_nocritic,2071.3,2619.8,548.5,916.55,-916.55
r20_F,ours_nocritic,2100.5,2449.8,349.3,421.8,-421.8
r20_FL,ours_nocritic,2061.3,2296.0,234.7,583.3499999999999,-583.3499999999999
r20_FR,ours_nocritic,2124.8,2757.1,632.3,1049.6999999999998,-1049.6999999999998
r20_L,ours_nocritic,2121.7,2496.3,374.6,587.9000000000001,-587.9000000000001
r20_R,ours_nocritic,2103.9,2428.7,324.8,727.3,-727.3
r21_B,ours_nocritic,30.9,31.2,0.3,-20.1,20.1
r21_BL,ours_nocritic,29.8,29.3,-0.4,-73.80000000000001,73.80000000000001
r21_BR,ours_nocritic,28.9,32.7,3.9,-24.0,24.0
r21_F,ours_nocritic,31.0,34.6,3.6,-2.15,2.15
r21_FL,ours_nocritic,30.5,33.0,2.4,-46.15,46.15
r21_FR,ours_nocritic,29.7,34.5,4.8,-6.95,6.95
r21_L,ours_nocritic,31.7,36.2,4.5,-142.89999999999998,142.89999999999998
r21_R,ours_nocritic,31.8,36.0,4.1,-56.45,56.45
r22_B,ours_nocritic,2321.4,2698.2,376.9,662.7,-662.7
r22_BL,ours_nocritic,2312.8,2406.1,93.2,687.6,-687.6
r22_BR,ours_nocritic,2294.5,1805.7,-488.8,89.74999999999994,-89.74999999999994
r22_F,ours_nocritic,2301.1,2404.9,103.8,172.39999999999998,-172.39999999999998
r22_FL,ours_nocritic,2277.5,2213.7,-63.9,312.20000000000005,-312.20000000000005
r22_FR,ours_nocritic,2356.6,2536.7,180.1,588.9,-588.9
r22_L,ours_nocritic,2341.2,2779.3,438.1,933.7,-933.7
r22_R,ours_nocritic,2323.4,2768.0,444.6,968.15,-968.15
r23_B,ours_nocritic,1474.8,1260.4,-214.4,-166.60000000000002,166.60000000000002
r23_BL,ours_nocritic,1450.5,1188.9,-261.6,-28.00000000000003,28.00000000000003
r23_BR,ours_nocritic,1439.6,1346.3,-93.3,67.84999999999998,-67.84999999999998
r23_F,ours_nocritic,1454.1,1289.5,-164.6,-83.1,83.1
r23_FL,ours_nocritic,1451.0,1231.2,-219.8,-132.4,132.4
r23_FR,ours_nocritic,1492.3,1009.1,-483.2,-393.95,393.95
r23_L,ours_nocritic,1554.3,1344.1,-210.3,-119.15,119.15
r23_R,ours_nocritic,1514.1,872.4,-641.7,-513.35,513.35
r24_B,ours_nocritic,1802.2,1979.0,176.8,447.9,-447.9
r24_BL,ours_nocritic,1775.0,1976.5,201.6,588.7,-588.7
r24_BR,ours_nocritic,1809.9,1212.0,-597.9,45.19999999999993,-45.19999999999993
r24_F,ours_nocritic,1778.2,2021.6,243.4,265.1,-265.1
r24_FL,ours_nocritic,1756.8,1895.5,138.8,320.55,-320.55
r24_FR,ours_nocritic,1827.5,2131.0,303.4,652.65,-652.65
r24_L,ours_nocritic,1805.8,2006.5,200.7,378.75,-378.75
r24_R,ours_nocritic,1770.8,2002.3,231.5,481.15,-481.15
r25_B,ours_nocritic,717.6,877.5,159.9,150.55,-150.55
r25_BL,ours_nocritic,744.0,740.2,-3.8,-43.2,43.2
r25_BR,ours_nocritic,753.3,874.3,121.0,142.8,-142.8
r25_F,ours_nocritic,724.6,791.3,66.7,15.549999999999995,-15.549999999999995
r25_FL,ours_nocritic,681.9,679.1,-2.8,-5.449999999999999,5.449999999999999
r25_FR,ours_nocritic,738.9,845.6,106.7,72.30000000000001,-72.30000000000001
r25_L,ours_nocritic,765.2,834.6,69.4,43.650000000000006,-43.650000000000006
r25_R,ours_nocritic,780.0,839.0,59.0,14.75,-14.75
r26_B,ours_nocritic,502.9,506.2,3.4,4.2,-4.2
r26_BL,ours_nocritic,527.1,495.7,-31.5,11.15,-11.15
r26_BR,ours_nocritic,536.8,386.8,-150.0,14.050000000000011,-14.050000000000011
r26_F,ours_nocritic,508.4,334.7,-173.6,-85.29999999999998,85.29999999999998
r26_FL,ours_nocritic,491.4,197.7,-293.6,-233.8,233.8
r26_FR,ours_nocritic,504.8,374.5,-130.3,86.5,-86.5
r26_L,ours_nocritic,516.3,477.0,-39.3,-77.2,77.2
r26_R,ours_nocritic,514.1,427.6,-86.5,88.65,-88.65
r27_B,ours_nocritic,577.9,426.7,-151.2,-209.5,209.5
r27_BL,ours_nocritic,542.7,406.4,-136.3,-150.3,150.3
r27_BR,ours_nocritic,541.5,366.4,-175.1,-206.75,206.75
r27_F,ours_nocritic,561.5,325.3,-236.2,-239.2,239.2
r27_FL,ours_nocritic,527.2,383.1,-144.0,-59.0,59.0
r27_FR,ours_nocritic,539.3,434.6,-104.7,-43.8,43.8
r27_L,ours_nocritic,593.3,433.8,-159.6,-221.0,221.0
r27_R,ours_nocritic,557.1,270.9,-286.2,-311.5,311.5
r28_B,ours_nocritic,849.5,987.2,137.7,97.7,-97.7
r28_BL,ours_nocritic,831.9,943.3,111.4,227.6,-227.6
r28_BR,ours_nocritic,855.4,1019.7,164.3,142.85000000000002,-142.85000000000002
r28_F,ours_nocritic,842.9,984.1,141.2,71.85,-71.85
r28_FL,ours_nocritic,741.3,910.8,169.5,140.4,-140.4
r28_FR,ours_nocritic,848.9,1010.9,162.0,123.2,-123.2
r28_L,ours_nocritic,846.5,978.7,132.2,96.0,-96.0
r28_R,ours_nocritic,841.8,968.7,126.9,84.7,-84.7
r29_B,ours_nocritic,710.2,897.5,187.3,243.6,-243.6
r29_BL,ours_nocritic,699.6,831.2,131.6,206.6,-206.6
r29_BR,ours_nocritic,719.8,731.4,11.6,49.6,-49.6
r29_F,ours_nocritic,686.2,732.8,46.6,-16.550000000000004,16.550000000000004
r29_FL,ours_nocritic,693.3,643.5,-49.8,-23.55,23.55
r29_FR,ours_nocritic,706.1,751.5,45.4,126.25,-126.25
r29_L,ours_nocritic,734.6,876.5,142.0,92.35,-92.35
r29_R,ours_nocritic,729.3,626.1,-103.3,-41.8,41.8
r30_B,ours_nocritic,753.7,606.6,-147.1,-241.85,241.85
r30_BL,ours_nocritic,740.1,621.5,-118.6,-73.9,73.9
r30_BR,ours_nocritic,665.5,579.9,-85.6,10.75,-10.75
r30_F,ours_nocritic,761.9,558.7,-203.3,-266.8,266.8
r30_FL,ours_nocritic,726.0,635.6,-90.4,-46.30000000000001,46.30000000000001
r30_FR,ours_nocritic,753.9,695.9,-58.0,-23.1,23.1
r30_L,ours_nocritic,746.6,741.6,-5.0,59.1,-59.1
r30_R,ours_nocritic,836.7,650.1,-186.6,-153.2,153.2
r31_B,ours_nocritic,120.6,104.7,-15.9,-34.45,34.45
r31_BL,ours_nocritic,119.1,96.0,-23.1,-148.0,148.0
r31_BR,ours_nocritic,122.9,101.4,-21.5,-67.8,67.8
r31_F,ours_nocritic,121.6,99.1,-22.5,-28.05,28.05
r31_FL,ours_nocritic,116.9,89.6,-27.3,-87.25,87.25
r31_FR,ours_nocritic,122.5,97.6,-24.9,-36.1,36.1
r31_L,ours_nocritic,123.1,105.6,-17.4,-108.4,108.4
r31_R,ours_nocritic,122.6,101.4,-21.2,-28.0,28.0
