uid,model,scene,n,fps,ctx,flag,n_events,score,cls,birth,birth_s,branch,onset,zprobe,bncc,box
ours_nocritic_r00_B,ours_nocritic,r00_B,108,16.0,12,0,0,,,,,,,,,
ours_nocritic_r00_BL,ours_nocritic,r00_BL,108,16.0,12,0,0,,,,,,,,,
ours_nocritic_r00_BR,ours_nocritic,r00_BR,108,16.0,12,0,0,,,,,,,,,
ours_nocritic_r00_F,ours_nocritic,r00_F,108,16.0,12,0,0,,,,,,,,,
ours_nocritic_r00_FL,ours_nocritic,r00_FL,108,16.0,12,0,0,,,,,,,,,
ours_nocritic_r00_FR,ours_nocritic,r00_FR,108,16.0,12,0,0,,,,,,,,,
ours_nocritic_r00_L,ours_nocritic,r00_L,108,16.0,12,0,0,,,,,,,,,
ours_nocritic_r00_R,ours_nocritic,r00_R,108,16.0,12,0,0,,,,,,,,,
ours_nocritic_r01_B,ours_nocritic,r01_B,108,16.0,12,0,0,,,,,,,,,
ours_nocritic_r01_BL,ours_nocritic,r01_BL,108,16.0,12,0,0,,,,,,,,,
ours_nocritic_r01_BR,ours_nocritic,r01_BR,108,16.0,12,0,0,,,,,,,,,
ours_nocritic_r01_F,ours_nocritic,r01_F,108,16.0,12,0,0,,,,,,,,,
ours_nocritic_r01_FL,ours_nocritic,r01_FL,108,16.0,12,0,0,,,,,,,,,
ours_nocritic_r01_FR,ours_nocritic,r01_FR,108,16.0,12,0,0,,,,,,,,,
ours_nocritic_r01_L,ours_nocritic,r01_L,108,16.0,12,0,0,,,,,,,,,
ours_nocritic_r01_R,ours_nocritic,r01_R,108,16.0,12,0,0,,,,,,,,,
ours_nocritic_r02_B,ours_nocritic,r02_B,108,16.0,12,0,0,,,,,,,,,
ours_nocritic_r02_BL,ours_nocritic,r02_BL,108,16.0,12,0,0,,,,,,,,,
ours_nocritic_r02_BR,ours_nocritic,r02_BR,108,16.0,12,0,0,,,,,,,,,
ours_nocritic_r02_F,ours_nocritic,r02_F,108,16.0,12,0,0,,,,,,,,,
ours_nocritic_r02_FL,ours_nocritic,r02_FL,108,16.0,12,0,0,,,,,,,,,
ours_nocritic_r02_FR,ours_nocritic,r02_FR,108,16.0,12,0,0,,,,,,,,,
ours_nocritic_r02_L,ours_nocritic,r02_L,108,16.0,12,0,0,,,,,,,,,
ours_nocritic_r02_R,ours_nocritic,r02_R,108,16.0,12,0,0,,,,,,,,,
ours_nocritic_r03_B,ours_nocritic,r03_B,108,16.0,12,0,0,,,,,,,,,
ours_nocritic_r03_BL,ours_nocritic,r03_BL,108,16.0,12,0,0,,,,,,,,,
ours_nocritic_r03_BR,ours_nocritic,r03_BR,108,16.0,12,0,0,,,,,,,,,
ours_nocritic_r03_F,ours_nocritic,r03_F,108,16.0,12,0,0,,,,,,,,,
ours_nocritic_r03_FL,ours_nocritic,r03_FL,108,16.0,12,0,0,,,,,,,,,
ours_nocritic_r03_FR,ours_nocritic,r03_FR,108,16.0,12,0,0,,,,,,,,,
ours_nocritic_r03_L,ours_nocritic,r03_L,108,16.0,12,0,0,,,,,,,,,
ours_nocritic_r03_R,ours_nocritic,r03_R,108,16.0,12,0,0,,,,,,,,,
ours_nocritic_r04_B,ours_nocritic,r04_B,108,16.0,12,0,0,,,,,,,,,
ours_nocritic_r04_BL,ours_nocritic,r04_BL,108,16.0,12,0,0,,,,,,,,,
ours_nocritic_r04_BR,ours_nocritic,r04_BR,108,16.0,12,0,0,,,,,,,,,
ours_nocritic_r04_F,ours_nocritic,r04_F,108,16.0,12,0,0,,,,,,,,,
ours_nocritic_r04_FL,ours_nocritic,r04_FL,108,16.0,12,0,0,,,,,,,,,
ours_nocritic_r04_FR,ours_nocritic,r04_FR,108,16.0,12,0,0,,,,,,,,,
ours_nocritic_r04_L,ours_nocritic,r04_L,108,16.0,12,0,0,,,,,,,,,
ours_nocritic_r04_R,ours_nocritic,r04_R,108,16.0,12,0,0,,,,,,,,,
ours_nocritic_r05_B,ours_nocritic,r05_B,108,16.0,12,0,0,,,,,,,,,
ours_nocritic_r05_BL,ours_nocritic,r05_BL,108,16.0,12,0,0,,,,,,,,,
ours_nocritic_r05_BR,ours_nocritic,r05_BR,108,16.0,12,0,0,,,,,,,,,
ours_nocritic_r05_F,ours_nocritic,r05_F,108,16.0,12,0,0,,,,,,,,,
ours_nocritic_r05_FL,ours_nocritic,r05_FL,108,16.0,12,0,0,,,,,,,,,
ours_nocritic_r05_FR,ours_nocritic,r05_FR,108,16.0,12,0,0,,,,,,,,,
ours_nocritic_r05_L,ours_nocritic,r05_L,108,16.0,12,0,0,,,,,,,,,
ours_nocritic_r05_R,ours_nocritic,r05_R,108,16.0,12,0,0,,,,,,,,,
ours_nocritic_r06_B,ours_nocritic,r06_B,108,16.0,12,0,0,,,,,,,,,
ours_nocritic_r06_BL,ours_nocritic,r06_BL,108,16.0,12,0,0,,,,,,,,,
ours_nocritic_r06_BR,ours_nocritic,r06_BR,108,16.0,12,0,0,,,,,,,,,
ours_nocritic_r06_F,ours_nocritic,r06_F,108,16.0,12,0,0,,,,,,,,,
ours_nocritic_r06_FL,ours_nocritic,r06_FL,108,16.0,12,0,0,,,,,,,,,
ours_nocritic_r06_FR,ours_nocritic,r06_FR,108,16.0,12,0,0,,,,,,,,,
ours_nocritic_r06_L,ours_nocritic,r06_L,108,16.0,12,0,0,,,,,,,,,
ours_nocritic_r06_R,ours_nocritic,r06_R,108,16.0,12,0,0,,,,,,,,,
ours_nocritic_r07_B,ours_nocritic,r07_B,108,16.0,12,0,0,,,,,,,,,
ours_nocritic_r07_BL,ours_nocritic,r07_BL,108,16.0,12,0,0,,,,,,,,,
ours_nocritic_r07_BR,ours_nocritic,r07_BR,108,16.0,12,0,0,,,,,,,,,
ours_nocritic_r07_F,ours_nocritic,r07_F,108,16.0,12,0,0,,,,,,,,,
ours_nocritic_r07_FL,ours_nocritic,r07_FL,108,16.0,12,0,0,,,,,,,,,
ours_nocritic_r07_FR,ours_nocritic,r07_FR,108,16.0,12,0,0,,,,,,,,,
ours_nocritic_r07_L,ours_nocritic,r07_L,108,16.0,12,0,0,,,,,,,,,
ours_nocritic_r07_R,ours_nocritic,r07_R,108,16.0,12,0,0,,,,,,,,,
ours_nocritic_r08_B,ours_nocritic,r08_B,108,16.0,12,0,0,,,,,,,,,
ours_nocritic_r08_BL,ours_nocritic,r08_BL,108,16.0,12,0,0,,,,,,,,,
ours_nocritic_r08_BR,ours_nocritic,r08_BR,108,16.0,12,0,0,,,,,,,,,
ours_nocritic_r08_F,ours_nocritic,r08_F,108,16.0,12,0,0,,,,,,,,,
ours_nocritic_r08_FL,ours_nocritic,r08_FL,108,16.0,12,0,0,,,,,,,,,
ours_nocritic_r08_FR,ours_nocritic,r08_FR,108,16.0,12,0,0,,,,,,,,,
ours_nocritic_r08_L,ours_nocritic,r08_L,108,16.0,12,0,0,,,,,,,,,
ours_nocritic_r08_R,ours_nocritic,r08_R,108,16.0,12,0,0,,,,,,,,,
ours_nocritic_r09_B,ours_nocritic,r09_B,108,16.0,12,0,0,,,,,,,,,
ours_nocritic_r09_BL,ours_nocritic,r09_BL,108,16.0,12,0,0,,,,,,,,,
ours_nocritic_r09_BR,ours_nocritic,r09_BR,108,16.0,12,0,0,,,,,,,,,
ours_nocritic_r09_F,ours_nocritic,r09_F,108,16.0,12,0,0,,,,,,,,,
ours_nocritic_r09_FL,ours_nocritic,r09_FL,108,16.0,12,0,0,,,,,,,,,
ours_nocritic_r09_FR,ours_nocritic,r09_FR,108,16.0,12,0,0,,,,,,,,,
ours_nocritic_r09_L,ours_nocritic,r09_L,108,16.0,12,0,0,,,,,,,,,
ours_nocritic_r09_R,ours_nocritic,r09_R,108,16.0,12,0,0,,,,,,,,,
ours_nocritic_r10_B,ours_nocritic,r10_B,108,16.0,12,0,0,,,,,,,,,
ours_nocritic_r10_BL,ours_nocritic,r10_BL,108,16.0,12,0,0,,,,,,,,,
ours_nocritic_r10_BR,ours_nocritic,r10_BR,108,16.0,12,0,0,-0.25,truck,50.0,2.38,A,4.57,0.51,0.81,"[425.3, 218.6, 456.6, 249.4]"
ours_nocritic_r10_F,ours_nocritic,r10_F,108,16.0,12,0,0,,,,,,,,,
ours_nocritic_r10_FL,ours_nocritic,r10_FL,108,16.0,12,0,0,-0.4,truck,74.0,3.88,A,4.89,0.7,0.82,"[499.9, 214.8, 533.2, 250.5]"
ours_nocritic_r10_FR,ours_nocritic,r10_FR,108,16.0,12,1,1,0.09,truck,38.0,1.62,A,5.45,0.42,0.37,"[465.0, 226.0, 488.9, 249.9]"
ours_nocritic_r10_L,ours_nocritic,r10_L,108,16.0,12,0,0,-0.44,truck,84.0,4.5,A,2.78,0.7,0.85,"[502.5, 216.9, 536.8, 252.4]"
ours_nocritic_r10_R,ours_nocritic,r10_R,108,16.0,12,0,0,,,,,,,,,
ours_nocritic_r11_B,ours_nocritic,r11_B,108,16.0,12,0,0,,,,,,,,,
ours_nocritic_r11_BL,ours_nocritic,r11_BL,108,16.0,12,0,0,,,,,,,,,
ours_nocritic_r11_BR,ours_nocritic,r11_BR,108,16.0,12,0,0,,,,,,,,,
ours_nocritic_r11_F,ours_nocritic,r11_F,108,16.0,12,0,0,,,,,,,,,
ours_nocritic_r11_FL,ours_nocritic,r11_FL,108,16.0,12,0,0,,,,,,,,,
ours_nocritic_r11_FR,ours_nocritic,r11_FR,108,16.0,12,0,0,,,,,,,,,
ours_nocritic_r11_L,ours_nocritic,r11_L,108,16.0,12,0,0,,,,,,,,,
ours_nocritic_r11_R,ours_nocritic,r11_R,108,16.0,12,0,0,,,,,,,,,
ours_nocritic_r12_B,ours_nocritic,r12_B,108,16.0,12,0,0,-0.75,car,45.0,2.06,A,1.25,0.85,0.97,"[233.3, 228.2, 309.6, 258.2]"
ours_nocritic_r12_BL,ours_nocritic,r12_BL,108,16.0,12,0,0,-0.73,car,85.0,4.56,A,1.36,0.31,0.98,"[426.0, 254.7, 470.9, 289.9]"
ours_nocritic_r12_BR,ours_nocritic,r12_BR,108,16.0,12,0,0,-0.51,car,57.0,2.81,A,2.43,0.18,0.96,"[422.3, 253.3, 459.8, 282.3]"
ours_nocritic_r12_F,ours_nocritic,r12_F,108,16.0,12,0,0,-0.51,car,80.0,4.25,A,3.46,0.27,0.98,"[400.5, 270.8, 453.1, 319.2]"
ours_nocritic_r12_FL,ours_nocritic,r12_FL,108,16.0,12,0,0,-0.46,car,86.0,4.62,A,3.03,0.28,0.95,"[429.9, 258.0, 482.2, 301.6]"
ours_nocritic_r12_FR,ours_nocritic,r12_FR,108,16.0,12,0,0,-0.49,car,74.0,3.88,A,2.54,0.66,0.93,"[407.4, 263.9, 453.6, 305.8]"
ours_nocritic_r12_L,ours_nocritic,r12_L,108,16.0,12,0,0,,,,,,,,,
ours_nocritic_r12_R,ours_nocritic,r12_R,108,16.0,12,0,0,-0.74,car,55.0,2.69,A,1.3,0.44,0.96,"[419.6, 255.1, 456.6, 282.0]"
ours_nocritic_r13_B,ours_nocritic,r13_B,108,16.0,12,0,0,-0.56,bus,78.0,4.12,A,2.27,0.78,0.97,"[455.0, 186.9, 488.7, 232.8]"
ours_nocritic_r13_BL,ours_nocritic,r13_BL,108,16.0,12,0,0,-0.66,bus,63.0,3.19,A,2.96,0.83,0.98,"[453.4, 186.9, 486.5, 232.1]"
ours_nocritic_r13_BR,ours_nocritic,r13_BR,108,16.0,12,0,0,,,,,,,,,
ours_nocritic_r13_F,ours_nocritic,r13_F,108,16.0,12,0,0,-0.6,bus,63.0,3.19,A,2.69,0.8,0.98,"[452.3, 187.8, 485.6, 233.6]"
ours_nocritic_r13_FL,ours_nocritic,r13_FL,108,16.0,12,0,0,,,,,,,,,
ours_nocritic_r13_FR,ours_nocritic,r13_FR,108,16.0,12,0,0,,,,,,,,,
ours_nocritic_r13_L,ours_nocritic,r13_L,108,16.0,12,0,0,-0.54,bus,71.0,3.69,A,2.49,0.77,0.98,"[455.8, 187.4, 488.4, 232.3]"
ours_nocritic_r13_R,ours_nocritic,r13_R,108,16.0,12,0,0,,,,,,,,,
ours_nocritic_r14_B,ours_nocritic,r14_B,108,16.0,12,0,0,,,,,,,,,
ours_nocritic_r14_BL,ours_nocritic,r14_BL,108,16.0,12,0,0,,,,,,,,,
ours_nocritic_r14_BR,ours_nocritic,r14_BR,108,16.0,12,0,0,,,,,,,,,
ours_nocritic_r14_F,ours_nocritic,r14_F,108,16.0,12,0,0,,,,,,,,,
ours_nocritic_r14_FL,ours_nocritic,r14_FL,108,16.0,12,0,0,,,,,,,,,
ours_nocritic_r14_FR,ours_nocritic,r14_FR,108,16.0,12,0,0,,,,,,,,,
ours_nocritic_r14_L,ours_nocritic,r14_L,108,16.0,12,0,0,,,,,,,,,
ours_nocritic_r14_R,ours_nocritic,r14_R,108,16.0,12,0,0,,,,,,,,,
ours_nocritic_r15_B,ours_nocritic,r15_B,108,16.0,12,0,0,,,,,,,,,
ours_nocritic_r15_BL,ours_nocritic,r15_BL,108,16.0,12,0,0,,,,,,,,,
ours_nocritic_r15_BR,ours_nocritic,r15_BR,108,16.0,12,0,0,,,,,,,,,
ours_nocritic_r15_F,ours_nocritic,r15_F,108,16.0,12,0,0,,,,,,,,,
ours_nocritic_r15_FL,ours_nocritic,r15_FL,108,16.0,12,0,0,,,,,,,,,
ours_nocritic_r15_FR,ours_nocritic,r15_FR,108,16.0,12,0,0,,,,,,,,,
ours_nocritic_r15_L,ours_nocritic,r15_L,108,16.0,12,0,0,,,,,,,,,
ours_nocritic_r15_R,ours_nocritic,r15_R,108,16.0,12,0,0,,,,,,,,,
ours_nocritic_r16_B,ours_nocritic,r16_B,108,16.0,12,0,0,,,,,,,,,
ours_nocritic_r16_BL,ours_nocritic,r16_BL,108,16.0,12,0,0,,,,,,,,,
ours_nocritic_r16_BR,ours_nocritic,r16_BR,108,16.0,12,0,0,,,,,,,,,
ours_nocritic_r16_F,ours_nocritic,r16_F,108,16.0,12,0,0,,,,,,,,,
ours_nocritic_r16_FL,ours_nocritic,r16_FL,108,16.0,12,0,0,,,,,,,,,
ours_nocritic_r16_FR,ours_nocritic,r16_FR,108,16.0,12,0,0,,,,,,,,,
ours_nocritic_r16_L,ours_nocritic,r16_L,108,16.0,12,0,0,,,,,,,,,
ours_nocritic_r16_R,ours_nocritic,r16_R,108,16.0,12,0,0,,,,,,,,,
ours_nocritic_r17_B,ours_nocritic,r17_B,108,16.0,12,0,0,,,,,,,,,
ours_nocritic_r17_BL,ours_nocritic,r17_BL,108,16.0,12,0,0,,,,,,,,,
ours_nocritic_r17_BR,ours_nocritic,r17_BR,108,16.0,12,0,0,,,,,,,,,
ours_nocritic_r17_F,ours_nocritic,r17_F,108,16.0,12,0,0,,,,,,,,,
ours_nocritic_r17_FL,ours_nocritic,r17_FL,108,16.0,12,0,0,,,,,,,,,
ours_nocritic_r17_FR,ours_nocritic,r17_FR,108,16.0,12,0,0,,,,,,,,,
ours_nocritic_r17_L,ours_nocritic,r17_L,108,16.0,12,0,0,,,,,,,,,
ours_nocritic_r17_R,ours_nocritic,r17_R,108,16.0,12,0,0,,,,,,,,,
ours_nocritic_r18_B,ours_nocritic,r18_B,108,16.0,12,0,0,,,,,,,,,
ours_nocritic_r18_BL,ours_nocritic,r18_BL,108,16.0,12,0,0,,,,,,,,,
ours_nocritic_r18_BR,ours_nocritic,r18_BR,108,16.0,12,0,0,,,,,,,,,
ours_nocritic_r18_F,ours_nocritic,r18_F,108,16.0,12,0,0,,,,,,,,,
ours_nocritic_r18_FL,ours_nocritic,r18_FL,108,16.0,12,0,0,,,,,,,,,
ours_nocritic_r18_FR,ours_nocritic,r18_FR,108,16.0,12,0,0,,,,,,,,,
ours_nocritic_r18_L,ours_nocritic,r18_L,108,16.0,12,0,0,,,,,,,,,
ours_nocritic_r18_R,ours_nocritic,r18_R,108,16.0,12,0,0,,,,,,,,,
ours_nocritic_r19_B,ours_nocritic,r19_B,108,16.0,12,0,0,,,,,,,,,
ours_nocritic_r19_BL,ours_nocritic,r19_BL,108,16.0,12,0,0,,,,,,,,,
ours_nocritic_r19_BR,ours_nocritic,r19_BR,108,16.0,12,0,0,,,,,,,,,
ours_nocritic_r19_F,ours_nocritic,r19_F,108,16.0,12,0,0,,,,,,,,,
ours_nocritic_r19_FL,ours_nocritic,r19_FL,108,16.0,12,0,0,,,,,,,,,
ours_nocritic_r19_FR,ours_nocritic,r19_FR,108,16.0,12,0,0,,,,,,,,,
ours_nocritic_r19_L,ours_nocritic,r19_L,108,16.0,12,0,0,,,,,,,,,
ours_nocritic_r19_R,ours_nocritic,r19_R,108,16.0,12,0,0,,,,,,,,,
ours_nocritic_r20_B,ours_nocritic,r20_B,108,16.0,12,0,0,,,,,,,,,
ours_nocritic_r20_BL,ours_nocritic,r20_BL,108,16.0,12,0,0,,,,,,,,,
ours_nocritic_r20_BR,ours_nocritic,r20_BR,108,16.0,12,0,0,,,,,,,,,
ours_nocritic_r20_F,ours_nocritic,r20_F,108,16.0,12,0,0,,,,,,,,,
ours_nocritic_r20_FL,ours_nocritic,r20_FL,108,16.0,12,0,0,,,,,,,,,
ours_nocritic_r20_FR,ours_nocritic,r20_FR,108,16.0,12,0,0,,,,,,,,,
ours_nocritic_r20_L,ours_nocritic,r20_L,108,16.0,12,0,0,,,,,,,,,
ours_nocritic_r20_R,ours_nocritic,r20_R,108,16.0,12,0,0,,,,,,,,,
ours_nocritic_r21_B,ours_nocritic,r21_B,108,16.0,12,0,0,,,,,,,,,
ours_nocritic_r21_BL,ours_nocritic,r21_BL,108,16.0,12,0,0,,,,,,,,,
ours_nocritic_r21_BR,ours_nocritic,r21_BR,108,16.0,12,0,0,,,,,,,,,
ours_nocritic_r21_F,ours_nocritic,r21_F,108,16.0,12,0,0,,,,,,,,,
ours_nocritic_r21_FL,ours_nocritic,r21_FL,108,16.0,12,0,0,,,,,,,,,
ours_nocritic_r21_FR,ours_nocritic,r21_FR,108,16.0,12,0,0,,,,,,,,,
ours_nocritic_r21_L,ours_nocritic,r21_L,108,16.0,12,0,0,,,,,,,,,
ours_nocritic_r21_R,ours_nocritic,r21_R,108,16.0,12,0,0,,,,,,,,,
ours_nocritic_r22_B,ours_nocritic,r22_B,108,16.0,12,0,0,,,,,,,,,
ours_nocritic_r22_BL,ours_nocritic,r22_BL,108,16.0,12,0,0,-0.4,car,83.0,4.44,A,3.4,0.67,0.91,"[424.0, 195.7, 488.1, 254.5]"
ours_nocritic_r22_BR,ours_nocritic,r22_BR,108,16.0,12,0,0,-0.64,truck,24.0,0.75,A,1.8,0.7,0.99,"[426.4, 158.3, 498.9, 255.8]"
ours_nocritic_r22_F,ours_nocritic,r22_F,108,16.0,12,0,0,-0.45,car,35.0,1.44,A,2.76,0.68,0.86,"[428.1, 196.3, 496.0, 256.5]"
ours_nocritic_r22_FL,ours_nocritic,r22_FL,108,16.0,12,0,0,-0.41,car,78.0,4.12,A,2.94,0.64,0.26,"[426.4, 158.0, 501.8, 258.8]"
ours_nocritic_r22_FR,ours_nocritic,r22_FR,108,16.0,12,0,0,-0.52,bus,75.0,3.94,A,3.08,0.76,0.9,"[425.3, 161.3, 499.9, 260.9]"
ours_nocritic_r22_L,ours_nocritic,r22_L,108,16.0,12,0,0,,,,,,,,,
ours_nocritic_r22_R,ours_nocritic,r22_R,108,16.0,12,0,0,,,,,,,,,
ours_nocritic_r23_B,ours_nocritic,r23_B,108,16.0,12,0,0,,,,,,,,,
ours_nocritic_r23_BL,ours_nocritic,r23_BL,108,16.0,12,0,0,,,,,,,,,
ours_nocritic_r23_BR,ours_nocritic,r23_BR,108,16.0,12,0,0,,,,,,,,,
ours_nocritic_r23_F,ours_nocritic,r23_F,108,16.0,12,0,0,,,,,,,,,
ours_nocritic_r23_FL,ours_nocritic,r23_FL,108,16.0,12,0,0,,,,,,,,,
ours_nocritic_r23_FR,ours_nocritic,r23_FR,108,16.0,12,0,0,,,,,,,,,
ours_nocritic_r23_L,ours_nocritic,r23_L,108,16.0,12,0,0,,,,,,,,,
ours_nocritic_r23_R,ours_nocritic,r23_R,108,16.0,12,0,0,,,,,,,,,
ours_nocritic_r24_B,ours_nocritic,r24_B,108,16.0,12,0,0,,,,,,,,,
ours_nocritic_r24_BL,ours_nocritic,r24_BL,108,16.0,12,0,0,,,,,,,,,
ours_nocritic_r24_BR,ours_nocritic,r24_BR,108,16.0,12,0,0,,,,,,,,,
ours_nocritic_r24_F,ours_nocritic,r24_F,108,16.0,12,0,0,,,,,,,,,
ours_nocritic_r24_FL,ours_nocritic,r24_FL,108,16.0,12,0,0,,,,,,,,,
ours_nocritic_r24_FR,ours_nocritic,r24_FR,108,16.0,12,0,0,,,,,,,,,
ours_nocritic_r24_L,ours_nocritic,r24_L,108,16.0,12,0,0,,,,,,,,,
ours_nocritic_r24_R,ours_nocritic,r24_R,108,16.0,12,0,0,,,,,,,,,
ours_nocritic_r25_B,ours_nocritic,r25_B,108,16.0,12,0,0,,,,,,,,,
ours_nocritic_r25_BL,ours_nocritic,r25_BL,108,16.0,12,0,0,,,,,,,,,
ours_nocritic_r25_BR,ours_nocritic,r25_BR,108,16.0,12,0,0,,,,,,,,,
ours_nocritic_r25_F,ours_nocritic,r25_F,108,16.0,12,0,0,,,,,,,,,
ours_nocritic_r25_FL,ours_nocritic,r25_FL,108,16.0,12,0,0,,,,,,,,,
ours_nocritic_r25_FR,ours_nocritic,r25_FR,108,16.0,12,0,0,,,,,,,,,
ours_nocritic_r25_L,ours_nocritic,r25_L,108,16.0,12,0,0,,,,,,,,,
ours_nocritic_r25_R,ours_nocritic,r25_R,108,16.0,12,0,0,,,,,,,,,
ours_nocritic_r26_B,ours_nocritic,r26_B,108,16.0,12,0,0,,,,,,,,,
ours_nocritic_r26_BL,ours_nocritic,r26_BL,108,16.0,12,0,0,,,,,,,,,
ours_nocritic_r26_BR,ours_nocritic,r26_BR,108,16.0,12,0,0,,,,,,,,,
ours_nocritic_r26_F,ours_nocritic,r26_F,108,16.0,12,0,0,,,,,,,,,
ours_nocritic_r26_FL,ours_nocritic,r26_FL,108,16.0,12,0,0,,,,,,,,,
ours_nocritic_r26_FR,ours_nocritic,r26_FR,108,16.0,12,0,0,,,,,,,,,
ours_nocritic_r26_L,ours_nocritic,r26_L,108,16.0,12,0,0,,,,,,,,,
ours_nocritic_r26_R,ours_nocritic,r26_R,108,16.0,12,0,0,,,,,,,,,
ours_nocritic_r27_B,ours_nocritic,r27_B,108,16.0,12,0,0,,,,,,,,,
ours_nocritic_r27_BL,ours_nocritic,r27_BL,108,16.0,12,0,0,,,,,,,,,
ours_nocritic_r27_BR,ours_nocritic,r27_BR,108,16.0,12,0,0,-0.8,truck,48.0,2.25,A,3.02,0.9,0.49,"[638.3, 178.4, 685.8, 213.6]"
ours_nocritic_r27_F,ours_nocritic,r27_F,108,16.0,12,0,0,,,,,,,,,
ours_nocritic_r27_FL,ours_nocritic,r27_FL,108,16.0,12,0,0,,,,,,,,,
ours_nocritic_r27_FR,ours_nocritic,r27_FR,108,16.0,12,0,0,,,,,,,,,
ours_nocritic_r27_L,ours_nocritic,r27_L,108,16.0,12,0,0,,,,,,,,,
ours_nocritic_r27_R,ours_nocritic,r27_R,108,16.0,12,0,0,,,,,,,,,
ours_nocritic_r28_B,ours_nocritic,r28_B,108,16.0,12,0,0,,,,,,,,,
ours_nocritic_r28_BL,ours_nocritic,r28_BL,108,16.0,12,0,0,,,,,,,,,
ours_nocritic_r28_BR,ours_nocritic,r28_BR,108,16.0,12,0,0,,,,,,,,,
ours_nocritic_r28_F,ours_nocritic,r28_F,108,16.0,12,0,0,,,,,,,,,
ours_nocritic_r28_FL,ours_nocritic,r28_FL,108,16.0,12,0,0,,,,,,,,,
ours_nocritic_r28_FR,ours_nocritic,r28_FR,108,16.0,12,0,0,,,,,,,,,
ours_nocritic_r28_L,ours_nocritic,r28_L,108,16.0,12,0,0,,,,,,,,,
ours_nocritic_r28_R,ours_nocritic,r28_R,108,16.0,12,0,0,,,,,,,,,
ours_nocritic_r29_B,ours_nocritic,r29_B,108,16.0,12,0,0,,,,,,,,,
ours_nocritic_r29_BL,ours_nocritic,r29_BL,108,16.0,12,0,0,,,,,,,,,
ours_nocritic_r29_BR,ours_nocritic,r29_BR,108,16.0,12,0,0,,,,,,,,,
ours_nocritic_r29_F,ours_nocritic,r29_F,108,16.0,12,0,0,,,,,,,,,
ours_nocritic_r29_FL,ours_nocritic,r29_FL,108,16.0,12,0,0,,,,,,,,,
ours_nocritic_r29_FR,ours_nocritic,r29_FR,108,16.0,12,0,0,,,,,,,,,
ours_nocritic_r29_L,ours_nocritic,r29_L,108,16.0,12,0,0,,,,,,,,,
ours_nocritic_r29_R,ours_nocritic,r29_R,108,16.0,12,0,0,,,,,,,,,
ours_nocritic_r30_B,ours_nocritic,r30_B,108,16.0,12,0,0,-0.26,car,26.0,0.88,A,4.12,0.63,0.46,"[357.7, 180.4, 399.0, 204.0]"
ours_nocritic_r30_BL,ours_nocritic,r30_BL,108,16.0,12,0,0,-0.43,car,12.0,0.0,A,2.86,0.21,0.35,"[200.1, 152.4, 254.0, 198.6]"
ours_nocritic_r30_BR,ours_nocritic,r30_BR,108,16.0,12,0,0,-0.68,car,13.0,0.06,A,3.19,0.84,0.42,"[200.2, 149.7, 265.3, 223.9]"
ours_nocritic_r30_F,ours_nocritic,r30_F,108,16.0,12,0,0,-0.78,car,13.0,0.06,A,5.16,0.89,0.44,"[201.3, 154.2, 268.3, 224.8]"
ours_nocritic_r30_FL,ours_nocritic,r30_FL,108,16.0,12,0,0,-0.44,car,12.0,0.0,A,2.81,0.19,0.46,"[202.5, 155.8, 254.9, 199.4]"
ours_nocritic_r30_FR,ours_nocritic,r30_FR,108,16.0,12,0,0,-0.29,car,12.0,0.0,A,3.56,0.16,0.48,"[203.4, 156.2, 253.8, 199.1]"
ours_nocritic_r30_L,ours_nocritic,r30_L,108,16.0,12,0,0,-0.24,car,12.0,0.0,A,3.81,0.24,0.4,"[200.3, 154.4, 256.3, 215.4]"
ours_nocritic_r30_R,ours_nocritic,r30_R,108,16.0,12,0,0,,,,,,,,,
ours_nocritic_r31_B,ours_nocritic,r31_B,108,16.0,12,0,0,,,,,,,,,
ours_nocritic_r31_BL,ours_nocritic,r31_BL,108,16.0,12,0,0,,,,,,,,,
ours_nocritic_r31_BR,ours_nocritic,r31_BR,108,16.0,12,0,0,,,,,,,,,
ours_nocritic_r31_F,ours_nocritic,r31_F,108,16.0,12,0,0,,,,,,,,,
ours_nocritic_r31_FL,ours_nocritic,r31_FL,108,16.0,12,0,0,,,,,,,,,
ours_nocritic_r31_FR,ours_nocritic,r31_FR,108,16.0,12,0,0,,,,,,,,,
ours_nocritic_r31_L,ours_nocritic,r31_L,108,16.0,12,0,0,,,,,,,,,
ours_nocritic_r31_R,ours_nocritic,r31_R,108,16.0,12,0,0,,,,,,,,,
