scene,model,dino_drift
r00_B,ours_nocritic,0.0525
r00_BL,ours_nocritic,0.0859
r00_BR,ours_nocritic,0.1581
r00_F,ours_nocritic,0.1347
r00_FL,ours_nocritic,0.1688
r00_FR,ours_nocritic,0.1468
r00_L,ours_nocritic,0.0407
r00_R,ours_nocritic,0.1906
r01_B,ours_nocritic,0.1031
r01_BL,ours_nocritic,0.0882
r01_BR,ours_nocritic,0.0936
r01_F,ours_nocritic,0.1082
r01_FL,ours_nocritic,0.1088
r01_FR,ours_nocritic,0.1146
r01_L,ours_nocritic,0.0988
r01_R,ours_nocritic,0.2336
r02_B,ours_nocritic,0.0657
r02_BL,ours_nocritic,0.0706
r02_BR,ours_nocritic,0.0827
r02_F,ours_nocritic,0.0751
r02_FL,ours_nocritic,0.1133
r02_FR,ours_nocritic,0.0782
r02_L,ours_nocritic,0.0848
r02_R,ours_nocritic,0.0769
r03_B,ours_nocritic,0.0679
r03_BL,ours_nocritic,0.1281
r03_BR,ours_nocritic,0.563
r03_F,ours_nocritic,0.063
r03_FL,ours_nocritic,0.0905
r03_FR,ours_nocritic,0.126
r03_L,ours_nocritic,0.0654
r03_R,ours_nocritic,0.0606
r04_B,ours_nocritic,0.2618
r04_BL,ours_nocritic,0.2405
r04_BR,ours_nocritic,0.2434
r04_F,ours_nocritic,0.2652
r04_FL,ours_nocritic,0.2699
r04_FR,ours_nocritic,0.2554
r04_L,ours_nocritic,0.2275
r04_R,ours_nocritic,0.2456
r05_B,ours_nocritic,0.1847
r05_BL,ours_nocritic,0.2168
r05_BR,ours_nocritic,0.2292
r05_F,ours_nocritic,0.1559
r05_FL,ours_nocritic,0.1726
r05_FR,ours_nocritic,0.1805
r05_L,ours_nocritic,0.1702
r05_R,ours_nocritic,0.1899
r06_B,ours_nocritic,0.1028
r06_BL,ours_nocritic,0.1074
r06_BR,ours_nocritic,0.1887
r06_F,ours_nocritic,0.1388
r06_FL,ours_nocritic,0.1377
r06_FR,ours_nocritic,0.1297
r06_L,ours_nocritic,0.1005
r06_R,ours_nocritic,0.093
r07_B,ours_nocritic,0.2073
r07_BL,ours_nocritic,0.2008
r07_BR,ours_nocritic,0.4961
r07_F,ours_nocritic,0.191
r07_FL,ours_nocritic,0.1908
r07_FR,ours_nocritic,0.2273
r07_L,ours_nocritic,0.1867
r07_R,ours_nocritic,0.3971
r08_B,ours_nocritic,0.1231
r08_BL,ours_nocritic,0.1695
r08_BR,ours_nocritic,0.1484
r08_F,ours_nocritic,0.1471
r08_FL,ours_nocritic,0.1609
r08_FR,ours_nocritic,0.1478
r08_L,ours_nocritic,0.1458
r08_R,ours_nocritic,0.1672
r09_B,ours_nocritic,0.1286
r09_BL,ours_nocritic,0.1436
r09_BR,ours_nocritic,0.1278
r09_F,ours_nocritic,0.1401
r09_FL,ours_nocritic,0.1303
r09_FR,ours_nocritic,0.1339
r09_L,ours_nocritic,0.121
r09_R,ours_nocritic,0.1165
r10_B,ours_nocritic,0.0364
r10_BL,ours_nocritic,0.0826
r10_BR,ours_nocritic,0.1496
r10_F,ours_nocritic,0.0357
r10_FL,ours_nocritic,0.0729
r10_FR,ours_nocritic,0.128
r10_L,ours_nocritic,0.0748
r10_R,ours_nocritic,0.035
r11_B,ours_nocritic,0.0485
r11_BL,ours_nocritic,0.0496
r11_BR,ours_nocritic,0.0478
r11_F,ours_nocritic,0.0542
r11_FL,ours_nocritic,0.0502
r11_FR,ours_nocritic,0.0467
r11_L,ours_nocritic,0.0523
r11_R,ours_nocritic,0.0488
r12_B,ours_nocritic,0.2137
r12_BL,ours_nocritic,0.223
r12_BR,ours_nocritic,0.2168
r12_F,ours_nocritic,0.2115
r12_FL,ours_nocritic,0.2085
r12_FR,ours_nocritic,0.2139
r12_L,ours_nocritic,0.1766
r12_R,ours_nocritic,0.2027
r13_B,ours_nocritic,0.1653
r13_BL,ours_nocritic,0.1477
r13_BR,ours_nocritic,0.1071
r13_F,ours_nocritic,0.1429
r13_FL,ours_nocritic,0.1786
r13_FR,ours_nocritic,0.1315
r13_L,ours_nocritic,0.1461
r13_R,ours_nocritic,0.1534
r14_B,ours_nocritic,0.1083
r14_BL,ours_nocritic,0.0867
r14_BR,ours_nocritic,0.0924
r14_F,ours_nocritic,0.0868
r14_FL,ours_nocritic,0.099
r14_FR,ours_nocritic,0.0882
r14_L,ours_nocritic,0.0757
r14_R,ours_nocritic,0.0902
r15_B,ours_nocritic,0.0589
r15_BL,ours_nocritic,0.0576
r15_BR,ours_nocritic,0.0895
r15_F,ours_nocritic,0.0652
r15_FL,ours_nocritic,0.0692
r15_FR,ours_nocritic,0.1028
r15_L,ours_nocritic,0.0442
r15_R,ours_nocritic,0.2522
r16_B,ours_nocritic,0.0741
r16_BL,ours_nocritic,0.076
r16_BR,ours_nocritic,0.074
r16_F,ours_nocritic,0.0853
r16_FL,ours_nocritic,0.0985
r16_FR,ours_nocritic,0.0881
r16_L,ours_nocritic,0.0624
r16_R,ours_nocritic,0.0813
r17_B,ours_nocritic,0.1208
r17_BL,ours_nocritic,0.1009
r17_BR,ours_nocritic,0.1493
r17_F,ours_nocritic,0.1926
r17_FL,ours_nocritic,0.1238
r17_FR,ours_nocritic,0.1445
r17_L,ours_nocritic,0.129
r17_R,ours_nocritic,0.1358
r18_B,ours_nocritic,0.0394
r18_BL,ours_nocritic,0.034
r18_BR,ours_nocritic,0.0342
r18_F,ours_nocritic,0.0345
r18_FL,ours_nocritic,0.0335
r18_FR,ours_nocritic,0.0402
r18_L,ours_nocritic,0.0396
r18_R,ours_nocritic,0.0354
r19_B,ours_nocritic,0.0614
r19_BL,ours_nocritic,0.0661
r19_BR,ours_nocritic,0.0689
r19_F,ours_nocritic,0.0722
r19_FL,ours_nocritic,0.0741
r19_FR,ours_nocritic,0.0675
r19_L,ours_nocritic,0.0632
r19_R,ours_nocritic,0.0758
r20_B,ours_nocritic,0.0846
r20_BL,ours_nocritic,0.0752
r20_BR,ours_nocritic,0.0916
r20_F,ours_nocritic,0.0732
r20_FL,ours_nocritic,0.0827
r20_FR,ours_nocritic,0.083
r20_L,ours_nocritic,0.078
r20_R,ours_nocritic,0.0744
r21_B,ours_nocritic,0.1826
r21_BL,ours_nocritic,0.1963
r21_BR,ours_nocritic,0.1621
r21_F,ours_nocritic,0.1341
r21_FL,ours_nocritic,0.1423
r21_FR,ours_nocritic,0.13
r21_L,ours_nocritic,0.1527
r21_R,ours_nocritic,0.1093
r22_B,ours_nocritic,0.0471
r22_BL,ours_nocritic,0.0673
r22_BR,ours_nocritic,0.083
r22_F,ours_nocritic,0.0688
r22_FL,ours_nocritic,0.087
r22_FR,ours_nocritic,0.076
r22_L,ours_nocritic,0.0458
r22_R,ours_nocritic,0.045
r23_B,ours_nocritic,0.1703
r23_BL,ours_nocritic,0.1628
r23_BR,ours_nocritic,0.234
r23_F,ours_nocritic,0.1677
r23_FL,ours_nocritic,0.1482
r23_FR,ours_nocritic,0.2106
r23_L,ours_nocritic,0.1151
r23_R,ours_nocritic,0.2086
r24_B,ours_nocritic,0.0532
r24_BL,ours_nocritic,0.0555
r24_BR,ours_nocritic,0.2199
r24_F,ours_nocritic,0.056
r24_FL,ours_nocritic,0.0572
r24_FR,ours_nocritic,0.0545
r24_L,ours_nocritic,0.0526
r24_R,ours_nocritic,0.0561
r25_B,ours_nocritic,0.5583
r25_BL,ours_nocritic,0.5675
r25_BR,ours_nocritic,0.5511
r25_F,ours_nocritic,0.562
r25_FL,ours_nocritic,0.5647
r25_FR,ours_nocritic,0.554
r25_L,ours_nocritic,0.564
r25_R,ours_nocritic,0.584
r26_B,ours_nocritic,0.2334
r26_BL,ours_nocritic,0.2074
r26_BR,ours_nocritic,0.2958
r26_F,ours_nocritic,0.3457
r26_FL,ours_nocritic,0.5543
r26_FR,ours_nocritic,0.2972
r26_L,ours_nocritic,0.231
r26_R,ours_nocritic,0.2412
r27_B,ours_nocritic,0.1295
r27_BL,ours_nocritic,0.1623
r27_BR,ours_nocritic,0.3463
r27_F,ours_nocritic,0.1898
r27_FL,ours_nocritic,0.1388
r27_FR,ours_nocritic,0.3665
r27_L,ours_nocritic,0.1375
r27_R,ours_nocritic,0.3947
r28_B,ours_nocritic,0.0599
r28_BL,ours_nocritic,0.0639
r28_BR,ours_nocritic,0.0555
r28_F,ours_nocritic,0.0571
r28_FL,ours_nocritic,0.0621
r28_FR,ours_nocritic,0.0584
r28_L,ours_nocritic,0.0571
r28_R,ours_nocritic,0.0566
r29_B,ours_nocritic,0.1148
r29_BL,ours_nocritic,0.1457
r29_BR,ours_nocritic,0.1924
r29_F,ours_nocritic,0.1413
r29_FL,ours_nocritic,0.1239
r29_FR,ours_nocritic,0.1289
r29_L,ours_nocritic,0.1012
r29_R,ours_nocritic,0.1746
r30_B,ours_nocritic,0.1795
r30_BL,ours_nocritic,0.2523
r30_BR,ours_nocritic,0.2588
r30_F,ours_nocritic,0.2484
r30_FL,ours_nocritic,0.2155
r30_FR,ours_nocritic,0.2453
r30_L,ours_nocritic,0.168
r30_R,ours_nocritic,0.5443
r31_B,ours_nocritic,0.1523
r31_BL,ours_nocritic,0.1714
r31_BR,ours_nocritic,0.2073
r31_F,ours_nocritic,0.2058
r31_FL,ours_nocritic,0.1861
r31_FR,ours_nocritic,0.1892
r31_L,ours_nocritic,0.1766
r31_R,ours_nocritic,0.1651
